#2026 08 16 17:44:52.904#Z#INFO#2fac7300-999a-11f1-891d-eeee0a87b8c8.OPERATION#http-nio-0.0.0.0-8080-exec-1#
[XS2StartProcessListener] Operation ID: 2fac7300-999a-11f1-891d-eeee0a87b8c8#
#2026 08 16 17:44:52.927#Z#DEBUG#2fac7300-999a-11f1-891d-eeee0a87b8c8.OPERATION#http-nio-0.0.0.0-8080-exec-1#
[XS2StartProcessListener] Process environment: {
  "SKIP_SSL_VALIDATION" : "false",
  "FLOWABLE_JOB_EXECUTOR_MAX_THREADS" : "32",
  "VERSION" : "2.51.0",
  "BASIC_AUTH_ENABLED" : "true",
  "FLOWABLE_JOB_EXECUTOR_QUEUE_CAPACITY" : "16",
  "FLOWABLE_JOB_EXECUTOR_CORE_THREADS" : "8"
}#
#2026 08 16 17:44:52.927#Z#DEBUG#2fac7300-999a-11f1-891d-eeee0a87b8c8.OPERATION#http-nio-0.0.0.0-8080-exec-1#
[XS2StartProcessListener] Current user: ahmetezdesir.ae@gmail.com#
#2026 08 16 17:44:52.927#Z#DEBUG#2fac7300-999a-11f1-891d-eeee0a87b8c8.OPERATION#http-nio-0.0.0.0-8080-exec-1#
[XS2StartProcessListener] Client space: dev#
#2026 08 16 17:44:52.927#Z#DEBUG#2fac7300-999a-11f1-891d-eeee0a87b8c8.OPERATION#http-nio-0.0.0.0-8080-exec-1#
[XS2StartProcessListener] Client organization: 292a43cftrial#
#2026 08 16 17:44:52.927#Z#INFO#2fac7300-999a-11f1-891d-eeee0a87b8c8.OPERATION#http-nio-0.0.0.0-8080-exec-1#
[XS2StartProcessListener] Process variables: {
  "keepFiles" : false,
  "skipAppDigestCalculation" : false,
  "abortOnError" : false,
  "mtaId" : "incident-management",
  "noFailOnMissingPermissions" : false,
  "isSecurityEnabled" : false,
  "apiRequestPath" : "https://deploy-service.cf.us10-001.hana.ondemand.com/api/v1/spaces/f45e1bdb-ffb6-4131-81a7-6fdf00ff09b9/operations",
  "deleteServiceBrokers" : false,
  "appArchiveId" : "a0a62080-11c1-466b-8b59-1f62318d7322",
  "isDisposableUserProvidedServiceEnabled" : false,
  "deleteServiceKeys" : false,
  "noRestartSubscribedApps" : false,
  "noStart" : false,
  "deleteServices" : false
}#
#2026 08 16 17:44:52.974#Z#DEBUG#2fac7300-999a-11f1-891d-eeee0a87b8c8.OPERATION#flowable-async-job-executor-thread-8703#
[ValidateDeployParametersStep] Executing task "validateParametersTask" of process "2fac7326-999a-11f1-891d-eeee0a87b8c8"...#
#2026 08 16 17:44:52.974#Z#DEBUG#2fac7300-999a-11f1-891d-eeee0a87b8c8.OPERATION#flowable-async-job-executor-thread-8703#
[ValidateDeployParametersStep] Validating parameters...#
#2026 08 16 17:44:52.977#Z#INFO#2fac7300-999a-11f1-891d-eeee0a87b8c8.OPERATION#flowable-async-job-executor-thread-8703#
[ValidateDeployParametersStep] Size of mtars is 5,798,167 and size of extension descriptors is 0#
#2026 08 16 17:44:53.003#Z#INFO#2fac7300-999a-11f1-891d-eeee0a87b8c8.OPERATION#flowable-async-job-executor-thread-8703#
[ValidateDeployParametersStep] Archive was not split! Total size in bytes: 5,798,167#
#2026 08 16 17:44:53.003#Z#INFO#2fac7300-999a-11f1-891d-eeee0a87b8c8.OPERATION#flowable-async-job-executor-thread-8703#
[ValidateDeployParametersStep] Deploying in org "292a43cftrial" and space "dev"#
#2026 08 16 17:44:53.009#Z#DEBUG#2fac7300-999a-11f1-891d-eeee0a87b8c8.OPERATION#flowable-async-job-executor-thread-8703#
[ValidateDeployParametersStep] Parameters validated#
#2026 08 16 17:44:53.009#Z#DEBUG#2fac7300-999a-11f1-891d-eeee0a87b8c8.OPERATION#flowable-async-job-executor-thread-8703#
Step "Validate Parameters" finished#
#2026 08 16 17:44:53.046#Z#DEBUG#2fac7300-999a-11f1-891d-eeee0a87b8c8.OPERATION#flowable-async-job-executor-thread-8704#
[DeleteRemainingFileParts] Executing task "deleteRemainingFileParts" of process "2fac7326-999a-11f1-891d-eeee0a87b8c8"...#
#2026 08 16 17:44:53.047#Z#DEBUG#2fac7300-999a-11f1-891d-eeee0a87b8c8.OPERATION#flowable-async-job-executor-thread-8704#
Step "Delete Remaining File Parts" finished#
#2026 08 16 17:44:53.077#Z#DEBUG#2fac7300-999a-11f1-891d-eeee0a87b8c8.OPERATION#flowable-async-job-executor-thread-8705#
[XS2ProcessMtaArchiveStep] Executing task "processArchiveTask" of process "2fac7326-999a-11f1-891d-eeee0a87b8c8"...#
#2026 08 16 17:44:53.078#Z#DEBUG#2fac7300-999a-11f1-891d-eeee0a87b8c8.OPERATION#flowable-async-job-executor-thread-8705#
[XS2ProcessMtaArchiveStep] Processing MTA archive...#
#2026 08 16 17:44:53.078#Z#DEBUG#2fac7300-999a-11f1-891d-eeee0a87b8c8.OPERATION#flowable-async-job-executor-thread-8705#
[XS2ProcessMtaArchiveStep] MTA Archive ID: a0a62080-11c1-466b-8b59-1f62318d7322#
#2026 08 16 17:44:53.272#Z#DEBUG#2fac7300-999a-11f1-891d-eeee0a87b8c8.OPERATION#flowable-async-job-executor-thread-8705#
[XS2ProcessMtaArchiveStep] MTA Descriptor length: 3,703#
#2026 08 16 17:44:53.272#Z#DEBUG#2fac7300-999a-11f1-891d-eeee0a87b8c8.OPERATION#flowable-async-job-executor-thread-8705#
[XS2ProcessMtaArchiveStep] MTA Archive Modules: [incident-management-app-deployer, incident-management-db-deployer, incident-management-srv]#
#2026 08 16 17:44:53.273#Z#DEBUG#2fac7300-999a-11f1-891d-eeee0a87b8c8.OPERATION#flowable-async-job-executor-thread-8705#
[XS2ProcessMtaArchiveStep] MTA Archive Requires: []#
#2026 08 16 17:44:53.273#Z#DEBUG#2fac7300-999a-11f1-891d-eeee0a87b8c8.OPERATION#flowable-async-job-executor-thread-8705#
[XS2ProcessMtaArchiveStep] MTA Archive Resources: [incident-management-auth]#
#2026 08 16 17:44:53.282#Z#DEBUG#2fac7300-999a-11f1-891d-eeee0a87b8c8.OPERATION#flowable-async-job-executor-thread-8705#
[XS2ProcessMtaArchiveStep] MTA archive processed#
#2026 08 16 17:44:53.282#Z#DEBUG#2fac7300-999a-11f1-891d-eeee0a87b8c8.OPERATION#flowable-async-job-executor-thread-8705#
Step "Process Archive" finished#
#2026 08 16 17:44:53.321#Z#DEBUG#2fac7300-999a-11f1-891d-eeee0a87b8c8.OPERATION#flowable-async-job-executor-thread-8706#
[ProcessMtaExtensionDescriptorsStep] Executing task "processExtensionDescriptorsTask" of process "2fac7326-999a-11f1-891d-eeee0a87b8c8"...#
#2026 08 16 17:44:53.321#Z#DEBUG#2fac7300-999a-11f1-891d-eeee0a87b8c8.OPERATION#flowable-async-job-executor-thread-8706#
[ProcessMtaExtensionDescriptorsStep] Processing MTA extension descriptors...#
#2026 08 16 17:44:53.323#Z#DEBUG#2fac7300-999a-11f1-891d-eeee0a87b8c8.OPERATION#flowable-async-job-executor-thread-8706#
[ProcessMtaExtensionDescriptorsStep] Provided extension descriptors: [ ]#
#2026 08 16 17:44:53.323#Z#DEBUG#2fac7300-999a-11f1-891d-eeee0a87b8c8.OPERATION#flowable-async-job-executor-thread-8706#
[ProcessMtaExtensionDescriptorsStep] No extension descriptors in use#
#2026 08 16 17:44:53.323#Z#DEBUG#2fac7300-999a-11f1-891d-eeee0a87b8c8.OPERATION#flowable-async-job-executor-thread-8706#
[ProcessMtaExtensionDescriptorsStep] MTA extension descriptors processed#
#2026 08 16 17:44:53.323#Z#DEBUG#2fac7300-999a-11f1-891d-eeee0a87b8c8.OPERATION#flowable-async-job-executor-thread-8706#
Step "Process Extension Descriptors" finished#
#2026 08 16 17:44:53.355#Z#DEBUG#2fac7300-999a-11f1-891d-eeee0a87b8c8.OPERATION#flowable-async-job-executor-thread-8707#
[XS2DetectMtaSchemaVersionStep] Executing task "detectSchemaVersionTask" of process "2fac7326-999a-11f1-891d-eeee0a87b8c8"...#
#2026 08 16 17:44:53.356#Z#DEBUG#2fac7300-999a-11f1-891d-eeee0a87b8c8.OPERATION#flowable-async-job-executor-thread-8707#
[XS2DetectMtaSchemaVersionStep] Detecting MTA major schema version...#
#2026 08 16 17:44:53.358#Z#INFO#2fac7300-999a-11f1-891d-eeee0a87b8c8.OPERATION#flowable-async-job-executor-thread-8707#
[XS2DetectMtaSchemaVersionStep] Detected MTA schema version: "3"#
#2026 08 16 17:44:53.362#Z#DEBUG#2fac7300-999a-11f1-891d-eeee0a87b8c8.OPERATION#flowable-async-job-executor-thread-8707#
Step "Detect Schema Version" finished#
#2026 08 16 17:44:53.395#Z#DEBUG#2fac7300-999a-11f1-891d-eeee0a87b8c8.OPERATION#flowable-async-job-executor-thread-8708#
[MergeDescriptorsStep] Executing task "mergeDescriptorsTask" of process "2fac7326-999a-11f1-891d-eeee0a87b8c8"...#
#2026 08 16 17:44:53.396#Z#DEBUG#2fac7300-999a-11f1-891d-eeee0a87b8c8.OPERATION#flowable-async-job-executor-thread-8708#
[MergeDescriptorsStep] Validating and merging descriptors...#
#2026 08 16 17:44:53.399#Z#DEBUG#2fac7300-999a-11f1-891d-eeee0a87b8c8.OPERATION#flowable-async-job-executor-thread-8708#
[MergeDescriptorsStep] Merged deployment descriptor: {
  "majorSchemaVersion" : 3,
  "schemaVersion" : "3.3.0",
  "id" : "incident-management",
  "version" : "1.0.0",
  "modules" : [ {
    "majorSchemaVersion" : 3,
    "name" : "incident-management-srv",
    "type" : "javascript.nodejs",
    "path" : "incident-management-srv",
    "properties" : { },
    "parameters" : {
      "buildpack" : "nodejs_buildpack",
      "instances" : 1
    },
    "requiredDependencies" : [ {
      "majorSchemaVersion" : 3,
      "name" : "********",
      "properties" : { },
      "parameters" : { },
      "propertiesMetadata" : {
        "metadata" : { }
      },
      "parametersMetadata" : {
        "metadata" : { }
      }
    }, {
      "majorSchemaVersion" : 3,
      "name" : "incident-management-db",
      "properties" : { },
      "parameters" : { },
      "propertiesMetadata" : {
        "metadata" : { }
      },
      "parametersMetadata" : {
        "metadata" : { }
      }
    }, {
      "majorSchemaVersion" : 3,
      "name" : "incident-management-destination",
      "properties" : { },
      "parameters" : { },
      "propertiesMetadata" : {
        "metadata" : { }
      },
      "parametersMetadata" : {
        "metadata" : { }
      }
    } ],
    "providedDependencies" : [ {
      "majorSchemaVersion" : 3,
      "name" : "srv-api",
      "isPublic" : false,
      "properties" : {
        "srv-url" : "${default-url}"
      },
      "parameters" : { },
      "propertiesMetadata" : {
        "metadata" : { }
      },
      "parametersMetadata" : {
        "metadata" : { }
      }
    }, {
      "majorSchemaVersion" : 3,
      "name" : "incident-management-srv",
      "isPublic" : false,
      "properties" : { },
      "parameters" : { },
      "propertiesMetadata" : {
        "metadata" : { }
      },
      "parametersMetadata" : {
        "metadata" : { }
      }
    } ],
    "propertiesMetadata" : {
      "metadata" : { }
    },
    "parametersMetadata" : {
      "metadata" : { }
    },
    "hooks" : [ ]
  }, {
    "majorSchemaVersion" : 3,
    "name" : "incident-management-db-deployer",
    "type" : "com.sap.xs.hdi",
    "path" : "incident-management-db-deployer",
    "properties" : {
      "EXIT" : 1
    },
    "parameters" : {
      "memory" : "256M",
      "buildpack" : "nodejs_buildpack",
      "no-route" : true,
      "dependency-type" : "hard",
      "tasks" : [ {
        "name" : "deploy",
        "memory" : "256M",
        "command" : "npm start"
      } ],
      "no-start" : true
    },
    "requiredDependencies" : [ {
      "majorSchemaVersion" : 3,
      "name" : "incident-management-db",
      "properties" : { },
      "parameters" : { },
      "propertiesMetadata" : {
        "metadata" : { }
      },
      "parametersMetadata" : {
        "metadata" : { }
      }
    } ],
    "providedDependencies" : [ {
      "majorSchemaVersion" : 3,
      "name" : "incident-management-db-deployer",
      "isPublic" : false,
      "properties" : { },
      "parameters" : { },
      "propertiesMetadata" : {
        "metadata" : { }
      },
      "parametersMetadata" : {
        "metadata" : { }
      }
    } ],
    "propertiesMetadata" : {
      "metadata" : { }
    },
    "parametersMetadata" : {
      "metadata" : { }
    },
    "hooks" : [ ]
  }, {
    "majorSchemaVersion" : 3,
    "name" : "incident-management-app-deployer",
    "type" : "com.sap.application.content",
    "path" : "incident-management-app-deployer",
    "properties" : { },
    "parameters" : {
      "config" : {
        "destinations" : [ {
          "Authentication" : "********",
          "HTML5.DynamicDestination" : true,
          "HTML5.ForwardAuthToken" : "********",
          "Name" : "srv-api",
          "ProxyType" : "Internet",
          "Type" : "HTTP",
          "URL" : "~{srv-api/srv-url}"
        } ]
      }
    },
    "requiredDependencies" : [ {
      "majorSchemaVersion" : 3,
      "name" : "********",
      "properties" : { },
      "parameters" : { },
      "propertiesMetadata" : {
        "metadata" : { }
      },
      "parametersMetadata" : {
        "metadata" : { }
      }
    }, {
      "majorSchemaVersion" : 3,
      "name" : "srv-api",
      "properties" : { },
      "parameters" : { },
      "propertiesMetadata" : {
        "metadata" : { }
      },
      "parametersMetadata" : {
        "metadata" : { }
      }
    }, {
      "majorSchemaVersion" : 3,
      "name" : "incident-management-html5-repo-host",
      "properties" : { },
      "parameters" : {
        "config" : {
          "HTML5Runtime_enabled" : true
        },
        "content-target" : true
      },
      "propertiesMetadata" : {
        "metadata" : { }
      },
      "parametersMetadata" : {
        "metadata" : { }
      }
    } ],
    "providedDependencies" : [ {
      "majorSchemaVersion" : 3,
      "name" : "incident-management-app-deployer",
      "isPublic" : false,
      "properties" : { },
      "parameters" : { },
      "propertiesMetadata" : {
        "metadata" : { }
      },
      "parametersMetadata" : {
        "metadata" : { }
      }
    } ],
    "propertiesMetadata" : {
      "metadata" : { }
    },
    "parametersMetadata" : {
      "metadata" : { }
    },
    "hooks" : [ ]
  }, {
    "majorSchemaVersion" : 3,
    "name" : "incident-management-destinations",
    "type" : "com.sap.application.content",
    "properties" : { },
    "parameters" : {
      "content" : {
        "instance" : {
          "destinations" : [ {
            "Authentication" : "********",
            "Name" : "********",
            "ServiceInstanceName" : "********",
            "ServiceKeyName" : "********",
            "sap.cloud.service" : "incidentmanagement.service"
          } ],
          "existing_destinations_policy" : "update"
        },
        "subaccount" : {
          "destinations" : [ {
            "Name" : "incident-management-html5-repository",
            "ServiceInstanceName" : "incident-management-html5-repo-host",
            "ServiceKeyName" : "********",
            "sap.cloud.service" : "incidentmanagement.service"
          } ],
          "existing_destinations_policy" : "update"
        }
      }
    },
    "requiredDependencies" : [ {
      "majorSchemaVersion" : 3,
      "name" : "********",
      "properties" : { },
      "parameters" : {
        "service-key" : "********"
      },
      "propertiesMetadata" : {
        "metadata" : { }
      },
      "parametersMetadata" : {
        "metadata" : { }
      }
    }, {
      "majorSchemaVersion" : 3,
      "name" : "incident-management-html5-repo-host",
      "properties" : { },
      "parameters" : {
        "service-key" : "********"
      },
      "propertiesMetadata" : {
        "metadata" : { }
      },
      "parametersMetadata" : {
        "metadata" : { }
      }
    }, {
      "majorSchemaVersion" : 3,
      "name" : "srv-api",
      "properties" : { },
      "parameters" : { },
      "propertiesMetadata" : {
        "metadata" : { }
      },
      "parametersMetadata" : {
        "metadata" : { }
      }
    }, {
      "majorSchemaVersion" : 3,
      "name" : "incident-management-destination",
      "properties" : { },
      "parameters" : {
        "content-target" : true
      },
      "propertiesMetadata" : {
        "metadata" : { }
      },
      "parametersMetadata" : {
        "metadata" : { }
      }
    } ],
    "providedDependencies" : [ {
      "majorSchemaVersion" : 3,
      "name" : "incident-management-destinations",
      "isPublic" : false,
      "properties" : { },
      "parameters" : { },
      "propertiesMetadata" : {
        "metadata" : { }
      },
      "parametersMetadata" : {
        "metadata" : { }
      }
    } ],
    "propertiesMetadata" : {
      "metadata" : { }
    },
    "parametersMetadata" : {
      "metadata" : { }
    },
    "hooks" : [ ]
  } ],
  "resources" : [ {
    "majorSchemaVersion" : 3,
    "name" : "********",
    "type" : "org.cloudfoundry.managed-service",
    "properties" : { },
    "parameters" : {
      "path" : "./xs-security.json",
      "service-plan" : "application",
      "type" : "managed-service",
      "config" : {
        "oauth2-configuration" : "********",
        "role-collections" : [ {
          "description" : "generated",
          "name" : "support (incident-management ${org}-${space})",
          "role-template-references" : [ "$XSAPPNAME.support" ]
        }, {
          "description" : "generated",
          "name" : "admin (incident-management ${org}-${space})",
          "role-template-references" : [ "$XSAPPNAME.admin" ]
        } ],
        "tenant-mode" : "dedicated",
        "xsappname" : "incident-management-${org}-${space}"
      },
      "service" : "xsuaa"
    },
    "isActive" : true,
    "isOptional" : false,
    "propertiesMetadata" : {
      "metadata" : { }
    },
    "parametersMetadata" : {
      "metadata" : { }
    },
    "requiredDependencies" : [ ],
    "processedAfter" : [ ]
  }, {
    "majorSchemaVersion" : 3,
    "name" : "incident-management-db",
    "type" : "com.sap.xs.hdi-container",
    "properties" : { },
    "parameters" : {
      "type" : "managed-service",
      "service" : "hana",
      "service-plan" : "hdi-shared"
    },
    "isActive" : true,
    "isOptional" : false,
    "propertiesMetadata" : {
      "metadata" : { }
    },
    "parametersMetadata" : {
      "metadata" : { }
    },
    "requiredDependencies" : [ ],
    "processedAfter" : [ ]
  }, {
    "majorSchemaVersion" : 3,
    "name" : "incident-management-destination",
    "type" : "org.cloudfoundry.managed-service",
    "properties" : { },
    "parameters" : {
      "type" : "managed-service",
      "service" : "destination",
      "service-plan" : "lite"
    },
    "isActive" : true,
    "isOptional" : false,
    "propertiesMetadata" : {
      "metadata" : { }
    },
    "parametersMetadata" : {
      "metadata" : { }
    },
    "requiredDependencies" : [ {
      "majorSchemaVersion" : 3,
      "name" : "srv-api",
      "properties" : { },
      "parameters" : { },
      "propertiesMetadata" : {
        "metadata" : { }
      },
      "parametersMetadata" : {
        "metadata" : { }
      }
    } ],
    "processedAfter" : [ ]
  }, {
    "majorSchemaVersion" : 3,
    "name" : "incident-management-html5-repo-host",
    "type" : "org.cloudfoundry.managed-service",
    "properties" : { },
    "parameters" : {
      "type" : "managed-service",
      "service" : "html5-apps-repo",
      "service-plan" : "app-host"
    },
    "isActive" : true,
    "isOptional" : false,
    "propertiesMetadata" : {
      "metadata" : { }
    },
    "parametersMetadata" : {
      "metadata" : { }
    },
    "requiredDependencies" : [ ],
    "processedAfter" : [ ]
  } ],
  "parameters" : {
    "enable-parallel-deployments" : true,
    "deploy_mode" : "html5-repo"
  },
  "parametersMetadata" : {
    "metadata" : { }
  }
}#
#2026 08 16 17:44:53.402#Z#DEBUG#2fac7300-999a-11f1-891d-eeee0a87b8c8.OPERATION#flowable-async-job-executor-thread-8708#
[MergeDescriptorsStep] Descriptors validated and merged#
#2026 08 16 17:44:53.402#Z#DEBUG#2fac7300-999a-11f1-891d-eeee0a87b8c8.OPERATION#flowable-async-job-executor-thread-8708#
Step "Merge Descriptors" finished#
#2026 08 16 17:44:53.437#Z#DEBUG#2fac7300-999a-11f1-891d-eeee0a87b8c8.OPERATION#flowable-async-job-executor-thread-8709#
[DetectDeployedMtaStep] Executing task "detectDeployedMtaTask" of process "2fac7326-999a-11f1-891d-eeee0a87b8c8"...#
#2026 08 16 17:44:53.438#Z#DEBUG#2fac7300-999a-11f1-891d-eeee0a87b8c8.OPERATION#flowable-async-job-executor-thread-8709#
[DetectDeployedMtaStep] Detecting deployed MTA...#
#2026 08 16 17:44:53.510#Z#DEBUG#2fac7300-999a-11f1-891d-eeee0a87b8c8.OPERATION#flowable-async-job-executor-thread-8709#
[DetectDeployedMtaStep] Detecting MTA by id incident-management and namespace null#
#2026 08 16 17:44:53.510#Z#DEBUG#2fac7300-999a-11f1-891d-eeee0a87b8c8.OPERATION#flowable-async-job-executor-thread-8709#
[DetectDeployedMtaStep] Getting applications by metadata label selector "mta_id=65411f2f607a75efbe525f81cfecafad,!mta_namespace"...#
#2026 08 16 17:44:53.569#Z#DEBUG#2fac7300-999a-11f1-891d-eeee0a87b8c8.OPERATION#flowable-async-job-executor-thread-8709#
[DetectDeployedMtaStep] Getting service instances by metadata label selector "mta_id=65411f2f607a75efbe525f81cfecafad,!mta_namespace"...#
#2026 08 16 17:44:53.700#Z#DEBUG#2fac7300-999a-11f1-891d-eeee0a87b8c8.OPERATION#flowable-async-job-executor-thread-8709#
[DetectDeployedMtaStep] Deployed MTA: {
  "metadata" : {
    "id" : "incident-management",
    "version" : "1.0.0"
  },
  "applications" : [ {
    "name" : "incident-management-db-deployer",
    "metadata" : {
      "guid" : "0902cf55-a1a0-45c3-8de4-5fd707c3292e",
      "createdAt" : [ 2026, 8, 15, 14, 47 ],
      "updatedAt" : [ 2026, 8, 15, 16, 29, 28 ]
    },
    "v3Metadata" : {
      "annotations" : {
        "mta_id" : "incident-management",
        "mta_version" : "1.0.0",
        "mta_module" : "{\"name\":\"incident-management-db-deployer\"}",
        "mta_module_provided_dependencies" : "[]",
        "mta_bound_services" : "[\"incident-management-db\"]"
      },
      "labels" : {
        "mta_id" : "65411f2f607a75efbe525f81cfecafad"
      }
    },
    "state" : "STOPPED",
    "lifecycle" : {
      "type" : "BUILDPACK",
      "data" : {
        "buildpacks" : [ "nodejs_buildpack" ],
        "stack" : "cflinuxfs4"
      }
    },
    "space" : {
      "name" : "dev",
      "metadata" : {
        "guid" : "f45e1bdb-ffb6-4131-81a7-6fdf00ff09b9",
        "createdAt" : [ 2026, 7, 30, 15, 21, 38 ],
        "updatedAt" : [ 2026, 7, 30, 15, 21, 38 ]
      },
      "organization" : {
        "name" : "292a43cftrial",
        "metadata" : {
          "guid" : "0012e3ea-1611-4964-86eb-9c84cacff8bb",
          "createdAt" : [ 2026, 7, 30, 15, 21, 36 ],
          "updatedAt" : [ 2026, 7, 30, 15, 21, 37 ]
        }
      }
    },
    "moduleName" : "incident-management-db-deployer",
    "boundMtaServices" : [ "incident-management-db" ],
    "providedDependencyNames" : [ ],
    "productizationState" : "LIVE"
  }, {
    "name" : "incident-management-srv",
    "metadata" : {
      "guid" : "ad51bc3f-a511-452b-a243-a2bc40511ef0",
      "createdAt" : [ 2026, 8, 15, 14, 47, 2 ],
      "updatedAt" : [ 2026, 8, 16, 0, 8, 32 ]
    },
    "v3Metadata" : {
      "annotations" : {
        "mta_id" : "incident-management",
        "mta_version" : "1.0.0",
        "mta_module" : "{\"name\":\"incident-management-srv\"}",
        "mta_module_provided_dependencies" : "[]",
        "mta_bound_services" : "********"
      },
      "labels" : {
        "mta_id" : "65411f2f607a75efbe525f81cfecafad"
      }
    },
    "state" : "STOPPED",
    "lifecycle" : {
      "type" : "BUILDPACK",
      "data" : {
        "buildpacks" : [ "nodejs_buildpack" ],
        "stack" : "cflinuxfs4"
      }
    },
    "space" : {
      "name" : "dev",
      "metadata" : {
        "guid" : "f45e1bdb-ffb6-4131-81a7-6fdf00ff09b9",
        "createdAt" : [ 2026, 7, 30, 15, 21, 38 ],
        "updatedAt" : [ 2026, 7, 30, 15, 21, 38 ]
      },
      "organization" : {
        "name" : "292a43cftrial",
        "metadata" : {
          "guid" : "0012e3ea-1611-4964-86eb-9c84cacff8bb",
          "createdAt" : [ 2026, 7, 30, 15, 21, 36 ],
          "updatedAt" : [ 2026, 7, 30, 15, 21, 37 ]
        }
      }
    },
    "moduleName" : "incident-management-srv",
    "boundMtaServices" : [ "********", "incident-management-db", "incident-management-destination" ],
    "providedDependencyNames" : [ ],
    "productizationState" : "LIVE"
  } ],
  "services" : [ {
    "name" : "incident-management-db",
    "metadata" : {
      "guid" : "0da58f91-ee1a-4ff0-8d8d-813b7a5dfa30",
      "createdAt" : [ 2026, 8, 15, 14, 46, 40 ],
      "updatedAt" : [ 2026, 8, 15, 14, 46, 40 ]
    },
    "v3Metadata" : {
      "annotations" : {
        "mta_id" : "incident-management",
        "mta_version" : "1.0.0",
        "mta_resource" : "{\"name\":\"incident-management-db\"}"
      },
      "labels" : {
        "mta_id" : "65411f2f607a75efbe525f81cfecafad"
      }
    },
    "label" : "hana",
    "plan" : "hdi-shared",
    "credentials" : "********",
    "tags" : [ ],
    "type" : "managed",
    "lastOperation" : {
      "type" : "CREATE",
      "state" : "SUCCEEDED"
    },
    "resourceName" : "incident-management-db"
  }, {
    "name" : "incident-management-html5-repo-host",
    "metadata" : {
      "guid" : "fc235dd4-db97-46c4-9008-5465a9868355",
      "createdAt" : [ 2026, 8, 15, 14, 46, 43 ],
      "updatedAt" : [ 2026, 8, 15, 14, 46, 44 ]
    },
    "v3Metadata" : {
      "annotations" : {
        "mta_id" : "incident-management",
        "mta_version" : "1.0.0",
        "mta_resource" : "{\"name\":\"incident-management-html5-repo-host\"}"
      },
      "labels" : {
        "mta_id" : "65411f2f607a75efbe525f81cfecafad"
      }
    },
    "label" : "html5-apps-repo",
    "plan" : "app-host",
    "credentials" : "********",
    "tags" : [ ],
    "type" : "managed",
    "lastOperation" : {
      "type" : "CREATE",
      "description" : "",
      "state" : "SUCCEEDED"
    },
    "resourceName" : "incident-management-html5-repo-host"
  }, {
    "name" : "incident-management-destination",
    "metadata" : {
      "guid" : "39390deb-9077-4ed4-95ec-93ddd919f5ba",
      "createdAt" : [ 2026, 8, 15, 14, 46, 40 ],
      "updatedAt" : [ 2026, 8, 15, 14, 46, 42 ]
    },
    "v3Metadata" : {
      "annotations" : {
        "mta_id" : "incident-management",
        "mta_version" : "1.0.0",
        "mta_resource" : "{\"name\":\"incident-management-destination\"}"
      },
      "labels" : {
        "mta_id" : "65411f2f607a75efbe525f81cfecafad"
      }
    },
    "label" : "destination",
    "plan" : "lite",
    "credentials" : "********",
    "tags" : [ ],
    "type" : "managed",
    "lastOperation" : {
      "type" : "CREATE",
      "description" : "",
      "state" : "SUCCEEDED"
    },
    "resourceName" : "incident-management-destination"
  }, {
    "name" : "********",
    "metadata" : {
      "guid" : "8abf4978-373f-483c-8790-2b78cc590755",
      "createdAt" : [ 2026, 8, 15, 14, 46, 42 ],
      "updatedAt" : [ 2026, 8, 15, 14, 46, 42 ]
    },
    "v3Metadata" : {
      "annotations" : {
        "mta_id" : "incident-management",
        "mta_version" : "1.0.0",
        "mta_resource" : "********"
      },
      "labels" : {
        "mta_id" : "65411f2f607a75efbe525f81cfecafad"
      }
    },
    "label" : "xsuaa",
    "plan" : "application",
    "credentials" : "********",
    "tags" : [ ],
    "type" : "managed",
    "lastOperation" : {
      "type" : "UPDATE",
      "description" : "",
      "state" : "SUCCEEDED"
    },
    "resourceName" : "********"
  } ]
}#
#2026 08 16 17:44:53.700#Z#INFO#2fac7300-999a-11f1-891d-eeee0a87b8c8.OPERATION#flowable-async-job-executor-thread-8709#
[DetectDeployedMtaStep] Detected deployed MTA with ID "incident-management" and version "1.0.0"#
#2026 08 16 17:44:53.706#Z#DEBUG#2fac7300-999a-11f1-891d-eeee0a87b8c8.OPERATION#flowable-async-job-executor-thread-8709#
[DetectDeployedMtaStep] Detecting backup mta by id "incident-management" and namespace "null"#
#2026 08 16 17:44:53.706#Z#DEBUG#2fac7300-999a-11f1-891d-eeee0a87b8c8.OPERATION#flowable-async-job-executor-thread-8709#
[DetectDeployedMtaStep] Getting applications by metadata label selector "mta_id=65411f2f607a75efbe525f81cfecafad,mta_namespace=b698114a0995e936895b9598a6c19a2c"...#
#2026 08 16 17:44:53.960#Z#DEBUG#2fac7300-999a-11f1-891d-eeee0a87b8c8.OPERATION#flowable-async-job-executor-thread-8709#
[DetectDeployedMtaStep] Getting service instances by metadata label selector "mta_id=65411f2f607a75efbe525f81cfecafad,mta_namespace=b698114a0995e936895b9598a6c19a2c"...#
#2026 08 16 17:44:54.033#Z#DEBUG#2fac7300-999a-11f1-891d-eeee0a87b8c8.OPERATION#flowable-async-job-executor-thread-8709#
[DetectDeployedMtaStep] Deployed MTA service keys: [ {
  "name" : "********",
  "metadata" : {
    "guid" : "0fab7373-e25a-459a-9d87-7ace2a46d88d",
    "createdAt" : [ 2026, 8, 15, 14, 46, 59 ],
    "updatedAt" : [ 2026, 8, 15, 14, 47 ]
  },
  "v3Metadata" : {
    "annotations" : {
      "mta_id" : "incident-management",
      "mta_version" : "1.0.0"
    },
    "labels" : {
      "mta_id" : "65411f2f607a75efbe525f81cfecafad",
      "space_guid" : "f45e1bdb-ffb6-4131-81a7-6fdf00ff09b9"
    }
  },
  "serviceInstance" : {
    "name" : "********",
    "metadata" : {
      "guid" : "8abf4978-373f-483c-8790-2b78cc590755",
      "createdAt" : [ 2026, 8, 15, 14, 46, 42 ],
      "updatedAt" : [ 2026, 8, 15, 14, 46, 42 ]
    },
    "v3Metadata" : {
      "annotations" : {
        "mta_id" : "incident-management",
        "mta_version" : "1.0.0",
        "mta_resource" : "********"
      },
      "labels" : {
        "mta_id" : "65411f2f607a75efbe525f81cfecafad"
      }
    },
    "credentials" : "********",
    "tags" : [ ],
    "type" : "managed"
  }
}, {
  "name" : "********",
  "metadata" : {
    "guid" : "3e68a04d-3356-4cc0-b8c4-f03740af658e",
    "createdAt" : [ 2026, 8, 15, 14, 46, 59 ],
    "updatedAt" : [ 2026, 8, 15, 14, 47 ]
  },
  "v3Metadata" : {
    "annotations" : {
      "mta_id" : "incident-management",
      "mta_version" : "1.0.0"
    },
    "labels" : {
      "mta_id" : "65411f2f607a75efbe525f81cfecafad",
      "space_guid" : "f45e1bdb-ffb6-4131-81a7-6fdf00ff09b9"
    }
  },
  "serviceInstance" : {
    "name" : "incident-management-html5-repo-host",
    "metadata" : {
      "guid" : "fc235dd4-db97-46c4-9008-5465a9868355",
      "createdAt" : [ 2026, 8, 15, 14, 46, 43 ],
      "updatedAt" : [ 2026, 8, 15, 14, 46, 44 ]
    },
    "v3Metadata" : {
      "annotations" : {
        "mta_id" : "incident-management",
        "mta_version" : "1.0.0",
        "mta_resource" : "{\"name\":\"incident-management-html5-repo-host\"}"
      },
      "labels" : {
        "mta_id" : "65411f2f607a75efbe525f81cfecafad"
      }
    },
    "credentials" : "********",
    "tags" : [ ],
    "type" : "managed"
  }
}, {
  "name" : "********",
  "metadata" : {
    "guid" : "6d7d1b55-940c-40d9-9cbd-ad9b2e2d3817",
    "createdAt" : [ 2026, 8, 15, 14, 47, 3 ],
    "updatedAt" : [ 2026, 8, 15, 14, 47, 3 ]
  },
  "v3Metadata" : {
    "annotations" : {
      "mta_id" : "incident-management",
      "mta_version" : "1.0.0"
    },
    "labels" : {
      "mta_id" : "65411f2f607a75efbe525f81cfecafad",
      "space_guid" : "f45e1bdb-ffb6-4131-81a7-6fdf00ff09b9"
    }
  },
  "serviceInstance" : {
    "name" : "********",
    "metadata" : {
      "guid" : "8abf4978-373f-483c-8790-2b78cc590755",
      "createdAt" : [ 2026, 8, 15, 14, 46, 42 ],
      "updatedAt" : [ 2026, 8, 15, 14, 46, 42 ]
    },
    "v3Metadata" : {
      "annotations" : {
        "mta_id" : "incident-management",
        "mta_version" : "1.0.0",
        "mta_resource" : "********"
      },
      "labels" : {
        "mta_id" : "65411f2f607a75efbe525f81cfecafad"
      }
    },
    "credentials" : "********",
    "tags" : [ ],
    "type" : "managed"
  }
}, {
  "name" : "********",
  "metadata" : {
    "guid" : "ef1c38fe-cce6-472b-9775-0cf71883175a",
    "createdAt" : [ 2026, 8, 15, 14, 47, 3 ],
    "updatedAt" : [ 2026, 8, 15, 14, 47, 4 ]
  },
  "v3Metadata" : {
    "annotations" : {
      "mta_id" : "incident-management",
      "mta_version" : "1.0.0"
    },
    "labels" : {
      "mta_id" : "65411f2f607a75efbe525f81cfecafad",
      "space_guid" : "f45e1bdb-ffb6-4131-81a7-6fdf00ff09b9"
    }
  },
  "serviceInstance" : {
    "name" : "incident-management-html5-repo-host",
    "metadata" : {
      "guid" : "fc235dd4-db97-46c4-9008-5465a9868355",
      "createdAt" : [ 2026, 8, 15, 14, 46, 43 ],
      "updatedAt" : [ 2026, 8, 15, 14, 46, 44 ]
    },
    "v3Metadata" : {
      "annotations" : {
        "mta_id" : "incident-management",
        "mta_version" : "1.0.0",
        "mta_resource" : "{\"name\":\"incident-management-html5-repo-host\"}"
      },
      "labels" : {
        "mta_id" : "65411f2f607a75efbe525f81cfecafad"
      }
    },
    "credentials" : "********",
    "tags" : [ ],
    "type" : "managed"
  }
}, {
  "name" : "********",
  "metadata" : {
    "guid" : "9ae5857b-a33d-4af2-a8e5-61707e1d90fd",
    "createdAt" : [ 2026, 8, 15, 14, 47, 3 ],
    "updatedAt" : [ 2026, 8, 15, 14, 47, 5 ]
  },
  "v3Metadata" : {
    "annotations" : {
      "mta_id" : "incident-management",
      "mta_version" : "1.0.0"
    },
    "labels" : {
      "mta_id" : "65411f2f607a75efbe525f81cfecafad",
      "space_guid" : "f45e1bdb-ffb6-4131-81a7-6fdf00ff09b9"
    }
  },
  "serviceInstance" : {
    "name" : "incident-management-destination",
    "metadata" : {
      "guid" : "39390deb-9077-4ed4-95ec-93ddd919f5ba",
      "createdAt" : [ 2026, 8, 15, 14, 46, 40 ],
      "updatedAt" : [ 2026, 8, 15, 14, 46, 42 ]
    },
    "v3Metadata" : {
      "annotations" : {
        "mta_id" : "incident-management",
        "mta_version" : "1.0.0",
        "mta_resource" : "{\"name\":\"incident-management-destination\"}"
      },
      "labels" : {
        "mta_id" : "65411f2f607a75efbe525f81cfecafad"
      }
    },
    "credentials" : "********",
    "tags" : [ ],
    "type" : "managed"
  }
} ]#
#2026 08 16 17:44:54.033#Z#DEBUG#2fac7300-999a-11f1-891d-eeee0a87b8c8.OPERATION#flowable-async-job-executor-thread-8709#
Step "Detect Deployed MTA" finished#
#2026 08 16 17:44:54.070#Z#DEBUG#2fac7300-999a-11f1-891d-eeee0a87b8c8.OPERATION#flowable-async-job-executor-thread-8710#
[XS2CollectSystemParametersStep] Executing task "collectSystemParametersTask" of process "2fac7326-999a-11f1-891d-eeee0a87b8c8"...#
#2026 08 16 17:44:54.071#Z#DEBUG#2fac7300-999a-11f1-891d-eeee0a87b8c8.OPERATION#flowable-async-job-executor-thread-8710#
[XS2CollectSystemParametersStep] Collecting system parameters...#
#2026 08 16 17:44:54.072#Z#DEBUG#2fac7300-999a-11f1-891d-eeee0a87b8c8.OPERATION#flowable-async-job-executor-thread-8710#
[XS2CollectSystemParametersStep] Getting default domain...#
#2026 08 16 17:44:54.101#Z#DEBUG#2fac7300-999a-11f1-891d-eeee0a87b8c8.OPERATION#flowable-async-job-executor-thread-8710#
[XS2CollectSystemParametersStep] Default domain: cfapps.us10-001.hana.ondemand.com#
#2026 08 16 17:44:54.103#Z#DEBUG#2fac7300-999a-11f1-891d-eeee0a87b8c8.OPERATION#flowable-async-job-executor-thread-8710#
[XS2CollectSystemParametersStep] Checking for overwriting read-only parameters for mta with id: "incident-management"#
#2026 08 16 17:44:54.103#Z#DEBUG#2fac7300-999a-11f1-891d-eeee0a87b8c8.OPERATION#flowable-async-job-executor-thread-8710#
[XS2CollectSystemParametersStep] No read-only parameters are overwritten#
#2026 08 16 17:44:54.116#Z#DEBUG#2fac7300-999a-11f1-891d-eeee0a87b8c8.OPERATION#flowable-async-job-executor-thread-8710#
[XS2CollectSystemParametersStep] Descriptor with system parameters: {
  "majorSchemaVersion" : 3,
  "schemaVersion" : "3.3.0",
  "id" : "incident-management",
  "version" : "1.0.0",
  "modules" : [ {
    "majorSchemaVersion" : 3,
    "name" : "incident-management-srv",
    "type" : "javascript.nodejs",
    "path" : "incident-management-srv",
    "properties" : { },
    "parameters" : {
      "default-url" : "${protocol}://${default-uri}",
      "default-app-name" : "incident-management-srv",
      "generated-password" : "********",
      "default-live-url" : "${protocol}://${default-live-uri}",
      "default-uri" : "${host}.${domain}",
      "default-instances" : 1,
      "default-live-host" : "292a43cftrial-dev-incident-management-srv",
      "instances" : 1,
      "buildpack" : "nodejs_buildpack",
      "default-host" : "292a43cftrial-dev-incident-management-srv",
      "app-name" : "${default-app-name}",
      "default-live-uri" : "292a43cftrial-dev-incident-management-srv.${domain}",
      "protocol" : "https",
      "default-live-app-name" : "incident-management-srv",
      "default-live-domain" : "cfapps.us10-001.hana.ondemand.com",
      "domain" : "${default-domain}",
      "host" : "${default-host}",
      "generated-user" : "********"
    },
    "requiredDependencies" : [ {
      "majorSchemaVersion" : 3,
      "name" : "********",
      "properties" : { },
      "parameters" : { },
      "propertiesMetadata" : {
        "metadata" : { }
      },
      "parametersMetadata" : {
        "metadata" : { }
      }
    }, {
      "majorSchemaVersion" : 3,
      "name" : "incident-management-db",
      "properties" : { },
      "parameters" : { },
      "propertiesMetadata" : {
        "metadata" : { }
      },
      "parametersMetadata" : {
        "metadata" : { }
      }
    }, {
      "majorSchemaVersion" : 3,
      "name" : "incident-management-destination",
      "properties" : { },
      "parameters" : { },
      "propertiesMetadata" : {
        "metadata" : { }
      },
      "parametersMetadata" : {
        "metadata" : { }
      }
    } ],
    "providedDependencies" : [ {
      "majorSchemaVersion" : 3,
      "name" : "srv-api",
      "isPublic" : false,
      "properties" : {
        "srv-url" : "${default-url}"
      },
      "parameters" : { },
      "propertiesMetadata" : {
        "metadata" : { }
      },
      "parametersMetadata" : {
        "metadata" : { }
      }
    }, {
      "majorSchemaVersion" : 3,
      "name" : "incident-management-srv",
      "isPublic" : false,
      "properties" : { },
      "parameters" : { },
      "propertiesMetadata" : {
        "metadata" : { }
      },
      "parametersMetadata" : {
        "metadata" : { }
      }
    } ],
    "propertiesMetadata" : {
      "metadata" : { }
    },
    "parametersMetadata" : {
      "metadata" : { }
    },
    "hooks" : [ ]
  }, {
    "majorSchemaVersion" : 3,
    "name" : "incident-management-db-deployer",
    "type" : "com.sap.xs.hdi",
    "path" : "incident-management-db-deployer",
    "properties" : {
      "EXIT" : 1
    },
    "parameters" : {
      "default-url" : "${protocol}://${default-uri}",
      "default-app-name" : "incident-management-db-deployer",
      "generated-password" : "********",
      "default-live-url" : "${protocol}://${default-live-uri}",
      "default-uri" : "${host}.${domain}",
      "memory" : "256M",
      "default-instances" : 1,
      "no-route" : true,
      "default-live-host" : "292a43cftrial-dev-incident-management-db-deployer",
      "instances" : "${default-instances}",
      "buildpack" : "nodejs_buildpack",
      "default-host" : "292a43cftrial-dev-incident-management-db-deployer",
      "app-name" : "${default-app-name}",
      "default-live-uri" : "292a43cftrial-dev-incident-management-db-deployer.${domain}",
      "protocol" : "https",
      "default-live-app-name" : "incident-management-db-deployer",
      "default-live-domain" : "cfapps.us10-001.hana.ondemand.com",
      "dependency-type" : "hard",
      "domain" : "${default-domain}",
      "host" : "${default-host}",
      "generated-user" : "********",
      "tasks" : [ {
        "name" : "deploy",
        "memory" : "256M",
        "command" : "npm start"
      } ],
      "no-start" : true
    },
    "requiredDependencies" : [ {
      "majorSchemaVersion" : 3,
      "name" : "incident-management-db",
      "properties" : { },
      "parameters" : { },
      "propertiesMetadata" : {
        "metadata" : { }
      },
      "parametersMetadata" : {
        "metadata" : { }
      }
    } ],
    "providedDependencies" : [ {
      "majorSchemaVersion" : 3,
      "name" : "incident-management-db-deployer",
      "isPublic" : false,
      "properties" : { },
      "parameters" : { },
      "propertiesMetadata" : {
        "metadata" : { }
      },
      "parametersMetadata" : {
        "metadata" : { }
      }
    } ],
    "propertiesMetadata" : {
      "metadata" : { }
    },
    "parametersMetadata" : {
      "metadata" : { }
    },
    "hooks" : [ ]
  }, {
    "majorSchemaVersion" : 3,
    "name" : "incident-management-app-deployer",
    "type" : "com.sap.application.content",
    "path" : "incident-management-app-deployer",
    "properties" : { },
    "parameters" : {
      "default-url" : "${protocol}://${default-uri}",
      "default-app-name" : "incident-management-app-deployer",
      "generated-password" : "********",
      "default-live-url" : "${protocol}://${default-live-uri}",
      "default-uri" : "${host}.${domain}",
      "default-instances" : 1,
      "default-live-host" : "292a43cftrial-dev-incident-management-app-deployer",
      "instances" : "${default-instances}",
      "default-host" : "292a43cftrial-dev-incident-management-app-deployer",
      "app-name" : "${default-app-name}",
      "default-live-uri" : "292a43cftrial-dev-incident-management-app-deployer.${domain}",
      "protocol" : "https",
      "default-live-app-name" : "incident-management-app-deployer",
      "default-live-domain" : "cfapps.us10-001.hana.ondemand.com",
      "domain" : "${default-domain}",
      "host" : "${default-host}",
      "generated-user" : "********",
      "config" : {
        "destinations" : [ {
          "Authentication" : "********",
          "HTML5.DynamicDestination" : true,
          "HTML5.ForwardAuthToken" : "********",
          "Name" : "srv-api",
          "ProxyType" : "Internet",
          "Type" : "HTTP",
          "URL" : "~{srv-api/srv-url}"
        } ]
      }
    },
    "requiredDependencies" : [ {
      "majorSchemaVersion" : 3,
      "name" : "********",
      "properties" : { },
      "parameters" : { },
      "propertiesMetadata" : {
        "metadata" : { }
      },
      "parametersMetadata" : {
        "metadata" : { }
      }
    }, {
      "majorSchemaVersion" : 3,
      "name" : "srv-api",
      "properties" : { },
      "parameters" : { },
      "propertiesMetadata" : {
        "metadata" : { }
      },
      "parametersMetadata" : {
        "metadata" : { }
      }
    }, {
      "majorSchemaVersion" : 3,
      "name" : "incident-management-html5-repo-host",
      "properties" : { },
      "parameters" : {
        "config" : {
          "HTML5Runtime_enabled" : true
        },
        "content-target" : true
      },
      "propertiesMetadata" : {
        "metadata" : { }
      },
      "parametersMetadata" : {
        "metadata" : { }
      }
    } ],
    "providedDependencies" : [ {
      "majorSchemaVersion" : 3,
      "name" : "incident-management-app-deployer",
      "isPublic" : false,
      "properties" : { },
      "parameters" : { },
      "propertiesMetadata" : {
        "metadata" : { }
      },
      "parametersMetadata" : {
        "metadata" : { }
      }
    } ],
    "propertiesMetadata" : {
      "metadata" : { }
    },
    "parametersMetadata" : {
      "metadata" : { }
    },
    "hooks" : [ ]
  }, {
    "majorSchemaVersion" : 3,
    "name" : "incident-management-destinations",
    "type" : "com.sap.application.content",
    "properties" : { },
    "parameters" : {
      "default-url" : "${protocol}://${default-uri}",
      "default-app-name" : "incident-management-destinations",
      "generated-password" : "********",
      "default-live-url" : "${protocol}://${default-live-uri}",
      "default-uri" : "${host}.${domain}",
      "default-instances" : 1,
      "default-live-host" : "292a43cftrial-dev-incident-management-destinations",
      "instances" : "${default-instances}",
      "default-host" : "292a43cftrial-dev-incident-management-destinations",
      "content" : {
        "instance" : {
          "destinations" : [ {
            "Authentication" : "********",
            "Name" : "********",
            "ServiceInstanceName" : "********",
            "ServiceKeyName" : "********",
            "sap.cloud.service" : "incidentmanagement.service"
          } ],
          "existing_destinations_policy" : "update"
        },
        "subaccount" : {
          "destinations" : [ {
            "Name" : "incident-management-html5-repository",
            "ServiceInstanceName" : "incident-management-html5-repo-host",
            "ServiceKeyName" : "********",
            "sap.cloud.service" : "incidentmanagement.service"
          } ],
          "existing_destinations_policy" : "update"
        }
      },
      "app-name" : "${default-app-name}",
      "default-live-uri" : "292a43cftrial-dev-incident-management-destinations.${domain}",
      "protocol" : "https",
      "default-live-app-name" : "incident-management-destinations",
      "default-live-domain" : "cfapps.us10-001.hana.ondemand.com",
      "domain" : "${default-domain}",
      "host" : "${default-host}",
      "generated-user" : "********"
    },
    "requiredDependencies" : [ {
      "majorSchemaVersion" : 3,
      "name" : "********",
      "properties" : { },
      "parameters" : {
        "service-key" : "********"
      },
      "propertiesMetadata" : {
        "metadata" : { }
      },
      "parametersMetadata" : {
        "metadata" : { }
      }
    }, {
      "majorSchemaVersion" : 3,
      "name" : "incident-management-html5-repo-host",
      "properties" : { },
      "parameters" : {
        "service-key" : "********"
      },
      "propertiesMetadata" : {
        "metadata" : { }
      },
      "parametersMetadata" : {
        "metadata" : { }
      }
    }, {
      "majorSchemaVersion" : 3,
      "name" : "srv-api",
      "properties" : { },
      "parameters" : { },
      "propertiesMetadata" : {
        "metadata" : { }
      },
      "parametersMetadata" : {
        "metadata" : { }
      }
    }, {
      "majorSchemaVersion" : 3,
      "name" : "incident-management-destination",
      "properties" : { },
      "parameters" : {
        "content-target" : true
      },
      "propertiesMetadata" : {
        "metadata" : { }
      },
      "parametersMetadata" : {
        "metadata" : { }
      }
    } ],
    "providedDependencies" : [ {
      "majorSchemaVersion" : 3,
      "name" : "incident-management-destinations",
      "isPublic" : false,
      "properties" : { },
      "parameters" : { },
      "propertiesMetadata" : {
        "metadata" : { }
      },
      "parametersMetadata" : {
        "metadata" : { }
      }
    } ],
    "propertiesMetadata" : {
      "metadata" : { }
    },
    "parametersMetadata" : {
      "metadata" : { }
    },
    "hooks" : [ ]
  } ],
  "resources" : [ {
    "majorSchemaVersion" : 3,
    "name" : "********",
    "type" : "org.cloudfoundry.managed-service",
    "properties" : { },
    "parameters" : {
      "generated-password" : "********",
      "path" : "./xs-security.json",
      "service-name" : "${default-service-name}",
      "service-plan" : "application",
      "service" : "xsuaa",
      "generated-user" : "********",
      "default-xsappname" : "********",
      "type" : "managed-service",
      "config" : {
        "oauth2-configuration" : "********",
        "role-collections" : [ {
          "description" : "generated",
          "name" : "support (incident-management ${org}-${space})",
          "role-template-references" : [ "$XSAPPNAME.support" ]
        }, {
          "description" : "generated",
          "name" : "admin (incident-management ${org}-${space})",
          "role-template-references" : [ "$XSAPPNAME.admin" ]
        } ],
        "tenant-mode" : "dedicated",
        "xsappname" : "incident-management-${org}-${space}"
      },
      "default-service-name" : "********",
      "default-container-name" : "********"
    },
    "isActive" : true,
    "isOptional" : false,
    "propertiesMetadata" : {
      "metadata" : { }
    },
    "parametersMetadata" : {
      "metadata" : { }
    },
    "requiredDependencies" : [ ],
    "processedAfter" : [ ]
  }, {
    "majorSchemaVersion" : 3,
    "name" : "incident-management-db",
    "type" : "com.sap.xs.hdi-container",
    "properties" : { },
    "parameters" : {
      "generated-password" : "********",
      "service-name" : "${default-service-name}",
      "service-plan" : "hdi-shared",
      "service" : "hana",
      "generated-user" : "********",
      "default-xsappname" : "incident-management-db",
      "type" : "managed-service",
      "default-service-name" : "incident-management-db",
      "default-container-name" : "292A43CFTRIAL_DEV_INCIDENT_MANAGEMENT_DB"
    },
    "isActive" : true,
    "isOptional" : false,
    "propertiesMetadata" : {
      "metadata" : { }
    },
    "parametersMetadata" : {
      "metadata" : { }
    },
    "requiredDependencies" : [ ],
    "processedAfter" : [ ]
  }, {
    "majorSchemaVersion" : 3,
    "name" : "incident-management-destination",
    "type" : "org.cloudfoundry.managed-service",
    "properties" : { },
    "parameters" : {
      "generated-password" : "********",
      "service-name" : "${default-service-name}",
      "service-plan" : "lite",
      "service" : "destination",
      "generated-user" : "********",
      "default-xsappname" : "incident-management-destination",
      "type" : "managed-service",
      "default-service-name" : "incident-management-destination",
      "default-container-name" : "292A43CFTRIAL_DEV_INCIDENT_MANAGEMENT_DESTINATION"
    },
    "isActive" : true,
    "isOptional" : false,
    "propertiesMetadata" : {
      "metadata" : { }
    },
    "parametersMetadata" : {
      "metadata" : { }
    },
    "requiredDependencies" : [ {
      "majorSchemaVersion" : 3,
      "name" : "srv-api",
      "properties" : { },
      "parameters" : { },
      "propertiesMetadata" : {
        "metadata" : { }
      },
      "parametersMetadata" : {
        "metadata" : { }
      }
    } ],
    "processedAfter" : [ ]
  }, {
    "majorSchemaVersion" : 3,
    "name" : "incident-management-html5-repo-host",
    "type" : "org.cloudfoundry.managed-service",
    "properties" : { },
    "parameters" : {
      "generated-password" : "********",
      "service-name" : "${default-service-name}",
      "service-plan" : "app-host",
      "service" : "html5-apps-repo",
      "generated-user" : "********",
      "default-xsappname" : "incident-management-html5-repo-host",
      "type" : "managed-service",
      "default-service-name" : "incident-management-html5-repo-host",
      "default-container-name" : "292A43CFTRIAL_DEV_INCIDENT_MANAGEMENT_HTML5_REPO_HOST"
    },
    "isActive" : true,
    "isOptional" : false,
    "propertiesMetadata" : {
      "metadata" : { }
    },
    "parametersMetadata" : {
      "metadata" : { }
    },
    "requiredDependencies" : [ ],
    "processedAfter" : [ ]
  } ],
  "parameters" : {
    "deploy_mode" : "html5-repo",
    "mta-id" : "incident-management",
    "authorization-url" : "********",
    "org-guid" : "0012e3ea-1611-4964-86eb-9c84cacff8bb",
    "org" : "292a43cftrial",
    "deploy-target" : "292a43cftrial dev",
    "enable-parallel-deployments" : true,
    "space" : "dev",
    "xs-api-url" : "https://api.cf.us10-001.hana.ondemand.com",
    "deploy-url" : "deploy-service.cfapps.us10-001.hana.ondemand.com",
    "xs-type" : "CF",
    "default-domain" : "cfapps.us10-001.hana.ondemand.com",
    "mta-version" : "1.0.0",
    "xs-auth-url" : "********",
    "space-guid" : "f45e1bdb-ffb6-4131-81a7-6fdf00ff09b9",
    "user" : "********",
    "controller-url" : "https://api.cf.us10-001.hana.ondemand.com",
    "timestamp" : "20260816174452"
  },
  "parametersMetadata" : {
    "metadata" : { }
  }
}#
#2026 08 16 17:44:54.117#Z#DEBUG#2fac7300-999a-11f1-891d-eeee0a87b8c8.OPERATION#flowable-async-job-executor-thread-8710#
[XS2CollectSystemParametersStep] Version rule: SAME_HIGHER#
#2026 08 16 17:44:54.117#Z#INFO#2fac7300-999a-11f1-891d-eeee0a87b8c8.OPERATION#flowable-async-job-executor-thread-8710#
[XS2CollectSystemParametersStep] Detected new MTA version: "1.0.0"#
#2026 08 16 17:44:54.122#Z#INFO#2fac7300-999a-11f1-891d-eeee0a87b8c8.OPERATION#flowable-async-job-executor-thread-8710#
[XS2CollectSystemParametersStep] Deployed MTA version: "1.0.0"#
#2026 08 16 17:44:54.126#Z#DEBUG#2fac7300-999a-11f1-891d-eeee0a87b8c8.OPERATION#flowable-async-job-executor-thread-8710#
[XS2CollectSystemParametersStep] MTA accepted for deployment#
#2026 08 16 17:44:54.127#Z#DEBUG#2fac7300-999a-11f1-891d-eeee0a87b8c8.OPERATION#flowable-async-job-executor-thread-8710#
[XS2CollectSystemParametersStep] System parameters collected#
#2026 08 16 17:44:54.127#Z#DEBUG#2fac7300-999a-11f1-891d-eeee0a87b8c8.OPERATION#flowable-async-job-executor-thread-8710#
Step "Collect System Parameters" finished#
#2026 08 16 17:44:54.162#Z#DEBUG#2fac7300-999a-11f1-891d-eeee0a87b8c8.OPERATION#flowable-async-job-executor-thread-8703#
[ProcessDescriptorStep] Executing task "processDescriptorTask" of process "2fac7326-999a-11f1-891d-eeee0a87b8c8"...#
#2026 08 16 17:44:54.162#Z#DEBUG#2fac7300-999a-11f1-891d-eeee0a87b8c8.OPERATION#flowable-async-job-executor-thread-8703#
[ProcessDescriptorStep] Resolving properties and parameters in merged descriptor...#
#2026 08 16 17:44:54.167#Z#DEBUG#2fac7300-999a-11f1-891d-eeee0a87b8c8.OPERATION#flowable-async-job-executor-thread-8703#
[ProcessDescriptorStep] Subscriptions: [ ]#
#2026 08 16 17:44:54.167#Z#DEBUG#2fac7300-999a-11f1-891d-eeee0a87b8c8.OPERATION#flowable-async-job-executor-thread-8703#
[ProcessDescriptorStep] MTA modules: [incident-management-app-deployer, incident-management-db-deployer, incident-management-srv, incident-management-destinations]#
#2026 08 16 17:44:54.168#Z#DEBUG#2fac7300-999a-11f1-891d-eeee0a87b8c8.OPERATION#flowable-async-job-executor-thread-8703#
[ProcessDescriptorStep] Resolved deployment descriptor: {
  "majorSchemaVersion" : 3,
  "schemaVersion" : "3.3.0",
  "id" : "incident-management",
  "version" : "1.0.0",
  "modules" : [ {
    "majorSchemaVersion" : 3,
    "name" : "incident-management-srv",
    "type" : "javascript.nodejs",
    "path" : "incident-management-srv",
    "properties" : { },
    "parameters" : {
      "default-url" : "https://292a43cftrial-dev-incident-management-srv.cfapps.us10-001.hana.ondemand.com",
      "default-app-name" : "incident-management-srv",
      "generated-password" : "********",
      "default-live-url" : "https://292a43cftrial-dev-incident-management-srv.cfapps.us10-001.hana.ondemand.com",
      "default-uri" : "292a43cftrial-dev-incident-management-srv.cfapps.us10-001.hana.ondemand.com",
      "default-instances" : 1,
      "default-live-host" : "292a43cftrial-dev-incident-management-srv",
      "instances" : 1,
      "buildpack" : "nodejs_buildpack",
      "default-host" : "292a43cftrial-dev-incident-management-srv",
      "app-name" : "incident-management-srv",
      "default-live-uri" : "292a43cftrial-dev-incident-management-srv.cfapps.us10-001.hana.ondemand.com",
      "protocol" : "https",
      "default-live-app-name" : "incident-management-srv",
      "default-live-domain" : "cfapps.us10-001.hana.ondemand.com",
      "domain" : "cfapps.us10-001.hana.ondemand.com",
      "host" : "292a43cftrial-dev-incident-management-srv",
      "generated-user" : "********"
    },
    "requiredDependencies" : [ {
      "majorSchemaVersion" : 3,
      "name" : "********",
      "properties" : { },
      "parameters" : { },
      "propertiesMetadata" : {
        "metadata" : { }
      },
      "parametersMetadata" : {
        "metadata" : { }
      }
    }, {
      "majorSchemaVersion" : 3,
      "name" : "incident-management-db",
      "properties" : { },
      "parameters" : { },
      "propertiesMetadata" : {
        "metadata" : { }
      },
      "parametersMetadata" : {
        "metadata" : { }
      }
    }, {
      "majorSchemaVersion" : 3,
      "name" : "incident-management-destination",
      "properties" : { },
      "parameters" : { },
      "propertiesMetadata" : {
        "metadata" : { }
      },
      "parametersMetadata" : {
        "metadata" : { }
      }
    } ],
    "providedDependencies" : [ {
      "majorSchemaVersion" : 3,
      "name" : "srv-api",
      "isPublic" : false,
      "properties" : {
        "srv-url" : "https://292a43cftrial-dev-incident-management-srv.cfapps.us10-001.hana.ondemand.com"
      },
      "parameters" : { },
      "propertiesMetadata" : {
        "metadata" : { }
      },
      "parametersMetadata" : {
        "metadata" : { }
      }
    }, {
      "majorSchemaVersion" : 3,
      "name" : "incident-management-srv",
      "isPublic" : false,
      "properties" : { },
      "parameters" : { },
      "propertiesMetadata" : {
        "metadata" : { }
      },
      "parametersMetadata" : {
        "metadata" : { }
      }
    } ],
    "propertiesMetadata" : {
      "metadata" : { }
    },
    "parametersMetadata" : {
      "metadata" : { }
    },
    "hooks" : [ ]
  }, {
    "majorSchemaVersion" : 3,
    "name" : "incident-management-db-deployer",
    "type" : "com.sap.xs.hdi",
    "path" : "incident-management-db-deployer",
    "properties" : {
      "EXIT" : 1
    },
    "parameters" : {
      "default-url" : "https://292a43cftrial-dev-incident-management-db-deployer.cfapps.us10-001.hana.ondemand.com",
      "default-app-name" : "incident-management-db-deployer",
      "generated-password" : "********",
      "default-live-url" : "https://292a43cftrial-dev-incident-management-db-deployer.cfapps.us10-001.hana.ondemand.com",
      "default-uri" : "292a43cftrial-dev-incident-management-db-deployer.cfapps.us10-001.hana.ondemand.com",
      "memory" : "256M",
      "default-instances" : 1,
      "no-route" : true,
      "default-live-host" : "292a43cftrial-dev-incident-management-db-deployer",
      "instances" : 1,
      "buildpack" : "nodejs_buildpack",
      "default-host" : "292a43cftrial-dev-incident-management-db-deployer",
      "app-name" : "incident-management-db-deployer",
      "default-live-uri" : "292a43cftrial-dev-incident-management-db-deployer.cfapps.us10-001.hana.ondemand.com",
      "protocol" : "https",
      "default-live-app-name" : "incident-management-db-deployer",
      "default-live-domain" : "cfapps.us10-001.hana.ondemand.com",
      "dependency-type" : "hard",
      "domain" : "cfapps.us10-001.hana.ondemand.com",
      "host" : "292a43cftrial-dev-incident-management-db-deployer",
      "generated-user" : "********",
      "tasks" : [ {
        "command" : "npm start",
        "memory" : "256M",
        "name" : "deploy"
      } ],
      "no-start" : true
    },
    "requiredDependencies" : [ {
      "majorSchemaVersion" : 3,
      "name" : "incident-management-db",
      "properties" : { },
      "parameters" : { },
      "propertiesMetadata" : {
        "metadata" : { }
      },
      "parametersMetadata" : {
        "metadata" : { }
      }
    } ],
    "providedDependencies" : [ {
      "majorSchemaVersion" : 3,
      "name" : "incident-management-db-deployer",
      "isPublic" : false,
      "properties" : { },
      "parameters" : { },
      "propertiesMetadata" : {
        "metadata" : { }
      },
      "parametersMetadata" : {
        "metadata" : { }
      }
    } ],
    "propertiesMetadata" : {
      "metadata" : { }
    },
    "parametersMetadata" : {
      "metadata" : { }
    },
    "hooks" : [ ]
  }, {
    "majorSchemaVersion" : 3,
    "name" : "incident-management-app-deployer",
    "type" : "com.sap.application.content",
    "path" : "incident-management-app-deployer",
    "properties" : { },
    "parameters" : {
      "default-url" : "https://292a43cftrial-dev-incident-management-app-deployer.cfapps.us10-001.hana.ondemand.com",
      "default-app-name" : "incident-management-app-deployer",
      "generated-password" : "********",
      "default-live-url" : "https://292a43cftrial-dev-incident-management-app-deployer.cfapps.us10-001.hana.ondemand.com",
      "default-uri" : "292a43cftrial-dev-incident-management-app-deployer.cfapps.us10-001.hana.ondemand.com",
      "default-instances" : 1,
      "default-live-host" : "292a43cftrial-dev-incident-management-app-deployer",
      "instances" : 1,
      "default-host" : "292a43cftrial-dev-incident-management-app-deployer",
      "app-name" : "incident-management-app-deployer",
      "default-live-uri" : "292a43cftrial-dev-incident-management-app-deployer.cfapps.us10-001.hana.ondemand.com",
      "protocol" : "https",
      "default-live-app-name" : "incident-management-app-deployer",
      "default-live-domain" : "cfapps.us10-001.hana.ondemand.com",
      "domain" : "cfapps.us10-001.hana.ondemand.com",
      "host" : "292a43cftrial-dev-incident-management-app-deployer",
      "generated-user" : "********",
      "config" : {
        "destinations" : [ {
          "Authentication" : "********",
          "HTML5.DynamicDestination" : true,
          "HTML5.ForwardAuthToken" : "********",
          "Name" : "srv-api",
          "ProxyType" : "Internet",
          "Type" : "HTTP",
          "URL" : "https://292a43cftrial-dev-incident-management-srv.cfapps.us10-001.hana.ondemand.com"
        } ]
      }
    },
    "requiredDependencies" : [ {
      "majorSchemaVersion" : 3,
      "name" : "********",
      "properties" : { },
      "parameters" : { },
      "propertiesMetadata" : {
        "metadata" : { }
      },
      "parametersMetadata" : {
        "metadata" : { }
      }
    }, {
      "majorSchemaVersion" : 3,
      "name" : "srv-api",
      "properties" : { },
      "parameters" : { },
      "propertiesMetadata" : {
        "metadata" : { }
      },
      "parametersMetadata" : {
        "metadata" : { }
      }
    }, {
      "majorSchemaVersion" : 3,
      "name" : "incident-management-html5-repo-host",
      "properties" : { },
      "parameters" : {
        "config" : {
          "HTML5Runtime_enabled" : true
        },
        "content-target" : true
      },
      "propertiesMetadata" : {
        "metadata" : { }
      },
      "parametersMetadata" : {
        "metadata" : { }
      }
    } ],
    "providedDependencies" : [ {
      "majorSchemaVersion" : 3,
      "name" : "incident-management-app-deployer",
      "isPublic" : false,
      "properties" : { },
      "parameters" : { },
      "propertiesMetadata" : {
        "metadata" : { }
      },
      "parametersMetadata" : {
        "metadata" : { }
      }
    } ],
    "propertiesMetadata" : {
      "metadata" : { }
    },
    "parametersMetadata" : {
      "metadata" : { }
    },
    "hooks" : [ ]
  }, {
    "majorSchemaVersion" : 3,
    "name" : "incident-management-destinations",
    "type" : "com.sap.application.content",
    "properties" : { },
    "parameters" : {
      "default-url" : "https://292a43cftrial-dev-incident-management-destinations.cfapps.us10-001.hana.ondemand.com",
      "default-app-name" : "incident-management-destinations",
      "generated-password" : "********",
      "default-live-url" : "https://292a43cftrial-dev-incident-management-destinations.cfapps.us10-001.hana.ondemand.com",
      "default-uri" : "292a43cftrial-dev-incident-management-destinations.cfapps.us10-001.hana.ondemand.com",
      "default-instances" : 1,
      "default-live-host" : "292a43cftrial-dev-incident-management-destinations",
      "instances" : 1,
      "default-host" : "292a43cftrial-dev-incident-management-destinations",
      "content" : {
        "instance" : {
          "destinations" : [ {
            "Authentication" : "********",
            "Name" : "********",
            "ServiceInstanceName" : "********",
            "ServiceKeyName" : "********",
            "sap.cloud.service" : "incidentmanagement.service"
          } ],
          "existing_destinations_policy" : "update"
        },
        "subaccount" : {
          "destinations" : [ {
            "Name" : "incident-management-html5-repository",
            "ServiceInstanceName" : "incident-management-html5-repo-host",
            "ServiceKeyName" : "********",
            "sap.cloud.service" : "incidentmanagement.service"
          } ],
          "existing_destinations_policy" : "update"
        }
      },
      "app-name" : "incident-management-destinations",
      "default-live-uri" : "292a43cftrial-dev-incident-management-destinations.cfapps.us10-001.hana.ondemand.com",
      "protocol" : "https",
      "default-live-app-name" : "incident-management-destinations",
      "default-live-domain" : "cfapps.us10-001.hana.ondemand.com",
      "domain" : "cfapps.us10-001.hana.ondemand.com",
      "host" : "292a43cftrial-dev-incident-management-destinations",
      "generated-user" : "********"
    },
    "requiredDependencies" : [ {
      "majorSchemaVersion" : 3,
      "name" : "********",
      "properties" : { },
      "parameters" : {
        "service-key" : "********"
      },
      "propertiesMetadata" : {
        "metadata" : { }
      },
      "parametersMetadata" : {
        "metadata" : { }
      }
    }, {
      "majorSchemaVersion" : 3,
      "name" : "incident-management-html5-repo-host",
      "properties" : { },
      "parameters" : {
        "service-key" : "********"
      },
      "propertiesMetadata" : {
        "metadata" : { }
      },
      "parametersMetadata" : {
        "metadata" : { }
      }
    }, {
      "majorSchemaVersion" : 3,
      "name" : "srv-api",
      "properties" : { },
      "parameters" : { },
      "propertiesMetadata" : {
        "metadata" : { }
      },
      "parametersMetadata" : {
        "metadata" : { }
      }
    }, {
      "majorSchemaVersion" : 3,
      "name" : "incident-management-destination",
      "properties" : { },
      "parameters" : {
        "content-target" : true
      },
      "propertiesMetadata" : {
        "metadata" : { }
      },
      "parametersMetadata" : {
        "metadata" : { }
      }
    } ],
    "providedDependencies" : [ {
      "majorSchemaVersion" : 3,
      "name" : "incident-management-destinations",
      "isPublic" : false,
      "properties" : { },
      "parameters" : { },
      "propertiesMetadata" : {
        "metadata" : { }
      },
      "parametersMetadata" : {
        "metadata" : { }
      }
    } ],
    "propertiesMetadata" : {
      "metadata" : { }
    },
    "parametersMetadata" : {
      "metadata" : { }
    },
    "hooks" : [ ]
  } ],
  "resources" : [ {
    "majorSchemaVersion" : 3,
    "name" : "********",
    "type" : "org.cloudfoundry.managed-service",
    "properties" : { },
    "parameters" : {
      "generated-password" : "********",
      "path" : "./xs-security.json",
      "service-name" : "********",
      "service-plan" : "application",
      "service" : "xsuaa",
      "generated-user" : "********",
      "default-xsappname" : "********",
      "type" : "managed-service",
      "config" : {
        "oauth2-configuration" : "********",
        "role-collections" : [ {
          "description" : "generated",
          "name" : "support (incident-management 292a43cftrial-dev)",
          "role-template-references" : [ "$XSAPPNAME.support" ]
        }, {
          "description" : "generated",
          "name" : "admin (incident-management 292a43cftrial-dev)",
          "role-template-references" : [ "$XSAPPNAME.admin" ]
        } ],
        "tenant-mode" : "dedicated",
        "xsappname" : "incident-management-292a43cftrial-dev"
      },
      "default-service-name" : "********",
      "default-container-name" : "********"
    },
    "isActive" : true,
    "isOptional" : false,
    "propertiesMetadata" : {
      "metadata" : { }
    },
    "parametersMetadata" : {
      "metadata" : { }
    },
    "requiredDependencies" : [ ],
    "processedAfter" : [ ]
  }, {
    "majorSchemaVersion" : 3,
    "name" : "incident-management-db",
    "type" : "com.sap.xs.hdi-container",
    "properties" : { },
    "parameters" : {
      "generated-password" : "********",
      "service-name" : "incident-management-db",
      "service-plan" : "hdi-shared",
      "service" : "hana",
      "generated-user" : "********",
      "default-xsappname" : "incident-management-db",
      "type" : "managed-service",
      "default-service-name" : "incident-management-db",
      "default-container-name" : "292A43CFTRIAL_DEV_INCIDENT_MANAGEMENT_DB"
    },
    "isActive" : true,
    "isOptional" : false,
    "propertiesMetadata" : {
      "metadata" : { }
    },
    "parametersMetadata" : {
      "metadata" : { }
    },
    "requiredDependencies" : [ ],
    "processedAfter" : [ ]
  }, {
    "majorSchemaVersion" : 3,
    "name" : "incident-management-destination",
    "type" : "org.cloudfoundry.managed-service",
    "properties" : { },
    "parameters" : {
      "generated-password" : "********",
      "service-name" : "incident-management-destination",
      "service-plan" : "lite",
      "service" : "destination",
      "generated-user" : "********",
      "default-xsappname" : "incident-management-destination",
      "type" : "managed-service",
      "default-service-name" : "incident-management-destination",
      "default-container-name" : "292A43CFTRIAL_DEV_INCIDENT_MANAGEMENT_DESTINATION"
    },
    "isActive" : true,
    "isOptional" : false,
    "propertiesMetadata" : {
      "metadata" : { }
    },
    "parametersMetadata" : {
      "metadata" : { }
    },
    "requiredDependencies" : [ {
      "majorSchemaVersion" : 3,
      "name" : "srv-api",
      "properties" : { },
      "parameters" : { },
      "propertiesMetadata" : {
        "metadata" : { }
      },
      "parametersMetadata" : {
        "metadata" : { }
      }
    } ],
    "processedAfter" : [ ]
  }, {
    "majorSchemaVersion" : 3,
    "name" : "incident-management-html5-repo-host",
    "type" : "org.cloudfoundry.managed-service",
    "properties" : { },
    "parameters" : {
      "generated-password" : "********",
      "service-name" : "incident-management-html5-repo-host",
      "service-plan" : "app-host",
      "service" : "html5-apps-repo",
      "generated-user" : "********",
      "default-xsappname" : "incident-management-html5-repo-host",
      "type" : "managed-service",
      "default-service-name" : "incident-management-html5-repo-host",
      "default-container-name" : "292A43CFTRIAL_DEV_INCIDENT_MANAGEMENT_HTML5_REPO_HOST"
    },
    "isActive" : true,
    "isOptional" : false,
    "propertiesMetadata" : {
      "metadata" : { }
    },
    "parametersMetadata" : {
      "metadata" : { }
    },
    "requiredDependencies" : [ ],
    "processedAfter" : [ ]
  } ],
  "parameters" : {
    "deploy_mode" : "html5-repo",
    "mta-id" : "incident-management",
    "authorization-url" : "********",
    "org-guid" : "0012e3ea-1611-4964-86eb-9c84cacff8bb",
    "org" : "292a43cftrial",
    "deploy-target" : "292a43cftrial dev",
    "enable-parallel-deployments" : true,
    "region-primary-domain" : "us10.hana.ondemand.com",
    "space" : "dev",
    "region-domain" : "us10-001.hana.ondemand.com",
    "xs-api-url" : "https://api.cf.us10-001.hana.ondemand.com",
    "deploy-url" : "deploy-service.cfapps.us10-001.hana.ondemand.com",
    "xs-type" : "CF",
    "default-domain" : "cfapps.us10-001.hana.ondemand.com",
    "mta-version" : "1.0.0",
    "xs-auth-url" : "********",
    "space-guid" : "f45e1bdb-ffb6-4131-81a7-6fdf00ff09b9",
    "user" : "********",
    "controller-url" : "https://api.cf.us10-001.hana.ondemand.com",
    "timestamp" : "20260816174452"
  },
  "parametersMetadata" : {
    "metadata" : { }
  }
}#
#2026 08 16 17:44:54.168#Z#DEBUG#2fac7300-999a-11f1-891d-eeee0a87b8c8.OPERATION#flowable-async-job-executor-thread-8703#
[ProcessDescriptorStep] Merged descriptor properties and parameters resolved#
#2026 08 16 17:44:54.168#Z#DEBUG#2fac7300-999a-11f1-891d-eeee0a87b8c8.OPERATION#flowable-async-job-executor-thread-8703#
Step "Process Descriptor Step" finished#
#2026 08 16 17:44:54.206#Z#DEBUG#2fac7300-999a-11f1-891d-eeee0a87b8c8.OPERATION#flowable-async-job-executor-thread-8703#
[XS2BuildCloudDeployModelStep] Executing task "buildDeployModelTask" of process "2fac7326-999a-11f1-891d-eeee0a87b8c8"...#
#2026 08 16 17:44:54.211#Z#DEBUG#2fac7300-999a-11f1-891d-eeee0a87b8c8.OPERATION#flowable-async-job-executor-thread-8703#
[XS2BuildCloudDeployModelStep] Service keys defined for content deployment grouped by service name: {
  "incident-management-auth" : "********",
  "incident-management-html5-repo-host" : [ {
    "name" : "********",
    "v3Metadata" : {
      "annotations" : {
        "mta_id" : "incident-management",
        "mta_version" : "1.0.0"
      },
      "labels" : {
        "mta_id" : "65411f2f607a75efbe525f81cfecafad",
        "space_guid" : "f45e1bdb-ffb6-4131-81a7-6fdf00ff09b9"
      }
    },
    "credentials" : "********",
    "moduleName" : "incident-management-app-deployer",
    "resourceName" : "incident-management-html5-repo-host",
    "serviceInstance" : {
      "isOptional" : false,
      "isManaged" : false,
      "name" : "incident-management-html5-repo-host",
      "credentials" : "********",
      "tags" : [ ],
      "shouldSkipParametersUpdate" : false,
      "shouldSkipPlanUpdate" : false,
      "shouldSkipTagsUpdate" : false,
      "shouldSkipSyslogUrlUpdate" : false
    },
    "shouldDeleteServiceKeyAfterDeploy" : "********",
    "resourceType" : "org.cloudfoundry.managed-service"
  }, {
    "name" : "********",
    "v3Metadata" : {
      "annotations" : {
        "mta_id" : "incident-management",
        "mta_version" : "1.0.0"
      },
      "labels" : {
        "mta_id" : "65411f2f607a75efbe525f81cfecafad",
        "space_guid" : "f45e1bdb-ffb6-4131-81a7-6fdf00ff09b9"
      }
    },
    "credentials" : "********",
    "moduleName" : "incident-management-destinations",
    "resourceName" : "incident-management-html5-repo-host",
    "serviceInstance" : {
      "isOptional" : false,
      "isManaged" : false,
      "name" : "incident-management-html5-repo-host",
      "credentials" : "********",
      "tags" : [ ],
      "shouldSkipParametersUpdate" : false,
      "shouldSkipPlanUpdate" : false,
      "shouldSkipTagsUpdate" : false,
      "shouldSkipSyslogUrlUpdate" : false
    },
    "shouldDeleteServiceKeyAfterDeploy" : "********",
    "resourceType" : "org.cloudfoundry.managed-service"
  } ],
  "incident-management-destination" : [ {
    "name" : "********",
    "v3Metadata" : {
      "annotations" : {
        "mta_id" : "incident-management",
        "mta_version" : "1.0.0"
      },
      "labels" : {
        "mta_id" : "65411f2f607a75efbe525f81cfecafad",
        "space_guid" : "f45e1bdb-ffb6-4131-81a7-6fdf00ff09b9"
      }
    },
    "credentials" : "********",
    "moduleName" : "incident-management-destinations",
    "resourceName" : "incident-management-destination",
    "serviceInstance" : {
      "isOptional" : false,
      "isManaged" : false,
      "name" : "incident-management-destination",
      "credentials" : "********",
      "tags" : [ ],
      "shouldSkipParametersUpdate" : false,
      "shouldSkipPlanUpdate" : false,
      "shouldSkipTagsUpdate" : false,
      "shouldSkipSyslogUrlUpdate" : false
    },
    "shouldDeleteServiceKeyAfterDeploy" : "********",
    "resourceType" : "org.cloudfoundry.managed-service"
  } ]
}#
#2026 08 16 17:44:54.211#Z#DEBUG#2fac7300-999a-11f1-891d-eeee0a87b8c8.OPERATION#flowable-async-job-executor-thread-8703#
[XS2BuildCloudDeployModelStep] Building cloud deployment model...#
#2026 08 16 17:44:54.213#Z#DEBUG#2fac7300-999a-11f1-891d-eeee0a87b8c8.OPERATION#flowable-async-job-executor-thread-8703#
[XS2BuildCloudDeployModelStep] MTA archive modules: [incident-management-app-deployer, incident-management-db-deployer, incident-management-srv]#
#2026 08 16 17:44:54.213#Z#DEBUG#2fac7300-999a-11f1-891d-eeee0a87b8c8.OPERATION#flowable-async-job-executor-thread-8703#
[XS2BuildCloudDeployModelStep] Deployed modules: [incident-management-db-deployer, incident-management-srv]#
#2026 08 16 17:44:54.214#Z#DEBUG#2fac7300-999a-11f1-891d-eeee0a87b8c8.OPERATION#flowable-async-job-executor-thread-8703#
[XS2BuildCloudDeployModelStep] MTA modules: [incident-management-app-deployer, incident-management-db-deployer, incident-management-srv, incident-management-destinations]#
#2026 08 16 17:44:54.214#Z#DEBUG#2fac7300-999a-11f1-891d-eeee0a87b8c8.OPERATION#flowable-async-job-executor-thread-8703#
[XS2BuildCloudDeployModelStep] Service keys to create: {
  "incident-management-auth" : "********",
  "incident-management-db" : [ ],
  "incident-management-html5-repo-host" : [ ],
  "incident-management-destination" : [ ]
}#
#2026 08 16 17:44:54.215#Z#DEBUG#2fac7300-999a-11f1-891d-eeee0a87b8c8.OPERATION#flowable-async-job-executor-thread-8703#
[XS2BuildCloudDeployModelStep] Modules to deploy: [{
  "majorSchemaVersion" : 3,
  "name" : "incident-management-srv",
  "type" : "javascript.nodejs",
  "path" : "incident-management-srv",
  "properties" : { },
  "parameters" : {
    "default-url" : "https://292a43cftrial-dev-incident-management-srv.cfapps.us10-001.hana.ondemand.com",
    "default-app-name" : "incident-management-srv",
    "generated-password" : "********",
    "default-live-url" : "https://292a43cftrial-dev-incident-management-srv.cfapps.us10-001.hana.ondemand.com",
    "default-uri" : "292a43cftrial-dev-incident-management-srv.cfapps.us10-001.hana.ondemand.com",
    "default-instances" : 1,
    "default-live-host" : "292a43cftrial-dev-incident-management-srv",
    "instances" : 1,
    "buildpack" : "nodejs_buildpack",
    "default-host" : "292a43cftrial-dev-incident-management-srv",
    "app-name" : "incident-management-srv",
    "default-live-uri" : "292a43cftrial-dev-incident-management-srv.cfapps.us10-001.hana.ondemand.com",
    "protocol" : "https",
    "default-live-app-name" : "incident-management-srv",
    "default-live-domain" : "cfapps.us10-001.hana.ondemand.com",
    "dependency-type" : "soft",
    "domain" : "cfapps.us10-001.hana.ondemand.com",
    "host" : "292a43cftrial-dev-incident-management-srv",
    "generated-user" : "********"
  },
  "requiredDependencies" : [ {
    "majorSchemaVersion" : 3,
    "name" : "********",
    "properties" : { },
    "parameters" : { },
    "propertiesMetadata" : {
      "metadata" : { }
    },
    "parametersMetadata" : {
      "metadata" : { }
    }
  }, {
    "majorSchemaVersion" : 3,
    "name" : "incident-management-db",
    "properties" : { },
    "parameters" : { },
    "propertiesMetadata" : {
      "metadata" : { }
    },
    "parametersMetadata" : {
      "metadata" : { }
    }
  }, {
    "majorSchemaVersion" : 3,
    "name" : "incident-management-destination",
    "properties" : { },
    "parameters" : { },
    "propertiesMetadata" : {
      "metadata" : { }
    },
    "parametersMetadata" : {
      "metadata" : { }
    }
  } ],
  "providedDependencies" : [ {
    "majorSchemaVersion" : 3,
    "name" : "srv-api",
    "isPublic" : false,
    "properties" : {
      "srv-url" : "https://292a43cftrial-dev-incident-management-srv.cfapps.us10-001.hana.ondemand.com"
    },
    "parameters" : { },
    "propertiesMetadata" : {
      "metadata" : { }
    },
    "parametersMetadata" : {
      "metadata" : { }
    }
  }, {
    "majorSchemaVersion" : 3,
    "name" : "incident-management-srv",
    "isPublic" : false,
    "properties" : { },
    "parameters" : { },
    "propertiesMetadata" : {
      "metadata" : { }
    },
    "parametersMetadata" : {
      "metadata" : { }
    }
  } ],
  "propertiesMetadata" : {
    "metadata" : { }
  },
  "parametersMetadata" : {
    "metadata" : { }
  },
  "deployedAfter" : [ ],
  "hooks" : [ ]
}, {
  "majorSchemaVersion" : 3,
  "name" : "incident-management-db-deployer",
  "type" : "com.sap.xs.hdi",
  "path" : "incident-management-db-deployer",
  "properties" : {
    "EXIT" : 1
  },
  "parameters" : {
    "default-url" : "https://292a43cftrial-dev-incident-management-db-deployer.cfapps.us10-001.hana.ondemand.com",
    "default-app-name" : "incident-management-db-deployer",
    "generated-password" : "********",
    "default-live-url" : "https://292a43cftrial-dev-incident-management-db-deployer.cfapps.us10-001.hana.ondemand.com",
    "default-uri" : "292a43cftrial-dev-incident-management-db-deployer.cfapps.us10-001.hana.ondemand.com",
    "memory" : "256M",
    "default-instances" : 1,
    "no-route" : true,
    "default-live-host" : "292a43cftrial-dev-incident-management-db-deployer",
    "instances" : 1,
    "buildpack" : "nodejs_buildpack",
    "default-host" : "292a43cftrial-dev-incident-management-db-deployer",
    "app-name" : "incident-management-db-deployer",
    "default-live-uri" : "292a43cftrial-dev-incident-management-db-deployer.cfapps.us10-001.hana.ondemand.com",
    "protocol" : "https",
    "default-live-app-name" : "incident-management-db-deployer",
    "default-live-domain" : "cfapps.us10-001.hana.ondemand.com",
    "dependency-type" : "hard",
    "domain" : "cfapps.us10-001.hana.ondemand.com",
    "host" : "292a43cftrial-dev-incident-management-db-deployer",
    "generated-user" : "********",
    "tasks" : [ {
      "command" : "npm start",
      "memory" : "256M",
      "name" : "deploy"
    } ],
    "no-start" : true
  },
  "requiredDependencies" : [ {
    "majorSchemaVersion" : 3,
    "name" : "incident-management-db",
    "properties" : { },
    "parameters" : { },
    "propertiesMetadata" : {
      "metadata" : { }
    },
    "parametersMetadata" : {
      "metadata" : { }
    }
  } ],
  "providedDependencies" : [ {
    "majorSchemaVersion" : 3,
    "name" : "incident-management-db-deployer",
    "isPublic" : false,
    "properties" : { },
    "parameters" : { },
    "propertiesMetadata" : {
      "metadata" : { }
    },
    "parametersMetadata" : {
      "metadata" : { }
    }
  } ],
  "propertiesMetadata" : {
    "metadata" : { }
  },
  "parametersMetadata" : {
    "metadata" : { }
  },
  "deployedAfter" : [ ],
  "hooks" : [ ]
}, {
  "majorSchemaVersion" : 3,
  "name" : "incident-management-app-deployer",
  "type" : "com.sap.application.content",
  "path" : "incident-management-app-deployer",
  "properties" : { },
  "parameters" : {
    "default-url" : "https://292a43cftrial-dev-incident-management-app-deployer.cfapps.us10-001.hana.ondemand.com",
    "default-app-name" : "incident-management-app-deployer",
    "generated-password" : "********",
    "default-live-url" : "https://292a43cftrial-dev-incident-management-app-deployer.cfapps.us10-001.hana.ondemand.com",
    "default-uri" : "292a43cftrial-dev-incident-management-app-deployer.cfapps.us10-001.hana.ondemand.com",
    "default-instances" : 1,
    "default-live-host" : "292a43cftrial-dev-incident-management-app-deployer",
    "instances" : 1,
    "default-host" : "292a43cftrial-dev-incident-management-app-deployer",
    "app-name" : "incident-management-app-deployer",
    "default-live-uri" : "292a43cftrial-dev-incident-management-app-deployer.cfapps.us10-001.hana.ondemand.com",
    "protocol" : "https",
    "default-live-app-name" : "incident-management-app-deployer",
    "default-live-domain" : "cfapps.us10-001.hana.ondemand.com",
    "dependency-type" : "soft",
    "domain" : "cfapps.us10-001.hana.ondemand.com",
    "host" : "292a43cftrial-dev-incident-management-app-deployer",
    "generated-user" : "********",
    "config" : {
      "destinations" : [ {
        "Authentication" : "********",
        "HTML5.DynamicDestination" : true,
        "HTML5.ForwardAuthToken" : "********",
        "Name" : "srv-api",
        "ProxyType" : "Internet",
        "Type" : "HTTP",
        "URL" : "https://292a43cftrial-dev-incident-management-srv.cfapps.us10-001.hana.ondemand.com"
      } ]
    }
  },
  "requiredDependencies" : [ {
    "majorSchemaVersion" : 3,
    "name" : "********",
    "properties" : { },
    "parameters" : { },
    "propertiesMetadata" : {
      "metadata" : { }
    },
    "parametersMetadata" : {
      "metadata" : { }
    }
  }, {
    "majorSchemaVersion" : 3,
    "name" : "srv-api",
    "properties" : { },
    "parameters" : { },
    "propertiesMetadata" : {
      "metadata" : { }
    },
    "parametersMetadata" : {
      "metadata" : { }
    }
  }, {
    "majorSchemaVersion" : 3,
    "name" : "incident-management-html5-repo-host",
    "properties" : { },
    "parameters" : {
      "config" : {
        "HTML5Runtime_enabled" : true
      },
      "content-target" : true
    },
    "propertiesMetadata" : {
      "metadata" : { }
    },
    "parametersMetadata" : {
      "metadata" : { }
    }
  } ],
  "providedDependencies" : [ {
    "majorSchemaVersion" : 3,
    "name" : "incident-management-app-deployer",
    "isPublic" : false,
    "properties" : { },
    "parameters" : { },
    "propertiesMetadata" : {
      "metadata" : { }
    },
    "parametersMetadata" : {
      "metadata" : { }
    }
  } ],
  "propertiesMetadata" : {
    "metadata" : { }
  },
  "parametersMetadata" : {
    "metadata" : { }
  },
  "deployedAfter" : [ ],
  "hooks" : [ ]
}, {
  "majorSchemaVersion" : 3,
  "name" : "incident-management-destinations",
  "type" : "com.sap.application.content",
  "properties" : { },
  "parameters" : {
    "default-url" : "https://292a43cftrial-dev-incident-management-destinations.cfapps.us10-001.hana.ondemand.com",
    "default-app-name" : "incident-management-destinations",
    "generated-password" : "********",
    "default-live-url" : "https://292a43cftrial-dev-incident-management-destinations.cfapps.us10-001.hana.ondemand.com",
    "default-uri" : "292a43cftrial-dev-incident-management-destinations.cfapps.us10-001.hana.ondemand.com",
    "default-instances" : 1,
    "default-live-host" : "292a43cftrial-dev-incident-management-destinations",
    "instances" : 1,
    "default-host" : "292a43cftrial-dev-incident-management-destinations",
    "content" : {
      "instance" : {
        "destinations" : [ {
          "Authentication" : "********",
          "Name" : "********",
          "ServiceInstanceName" : "********",
          "ServiceKeyName" : "********",
          "sap.cloud.service" : "incidentmanagement.service"
        } ],
        "existing_destinations_policy" : "update"
      },
      "subaccount" : {
        "destinations" : [ {
          "Name" : "incident-management-html5-repository",
          "ServiceInstanceName" : "incident-management-html5-repo-host",
          "ServiceKeyName" : "********",
          "sap.cloud.service" : "incidentmanagement.service"
        } ],
        "existing_destinations_policy" : "update"
      }
    },
    "app-name" : "incident-management-destinations",
    "default-live-uri" : "292a43cftrial-dev-incident-management-destinations.cfapps.us10-001.hana.ondemand.com",
    "protocol" : "https",
    "default-live-app-name" : "incident-management-destinations",
    "default-live-domain" : "cfapps.us10-001.hana.ondemand.com",
    "dependency-type" : "soft",
    "domain" : "cfapps.us10-001.hana.ondemand.com",
    "host" : "292a43cftrial-dev-incident-management-destinations",
    "generated-user" : "********"
  },
  "requiredDependencies" : [ {
    "majorSchemaVersion" : 3,
    "name" : "********",
    "properties" : { },
    "parameters" : {
      "service-key" : "********"
    },
    "propertiesMetadata" : {
      "metadata" : { }
    },
    "parametersMetadata" : {
      "metadata" : { }
    }
  }, {
    "majorSchemaVersion" : 3,
    "name" : "incident-management-html5-repo-host",
    "properties" : { },
    "parameters" : {
      "service-key" : "********"
    },
    "propertiesMetadata" : {
      "metadata" : { }
    },
    "parametersMetadata" : {
      "metadata" : { }
    }
  }, {
    "majorSchemaVersion" : 3,
    "name" : "srv-api",
    "properties" : { },
    "parameters" : { },
    "propertiesMetadata" : {
      "metadata" : { }
    },
    "parametersMetadata" : {
      "metadata" : { }
    }
  }, {
    "majorSchemaVersion" : 3,
    "name" : "incident-management-destination",
    "properties" : { },
    "parameters" : {
      "content-target" : true
    },
    "propertiesMetadata" : {
      "metadata" : { }
    },
    "parametersMetadata" : {
      "metadata" : { }
    }
  } ],
  "providedDependencies" : [ {
    "majorSchemaVersion" : 3,
    "name" : "incident-management-destinations",
    "isPublic" : false,
    "properties" : { },
    "parameters" : { },
    "propertiesMetadata" : {
      "metadata" : { }
    },
    "parametersMetadata" : {
      "metadata" : { }
    }
  } ],
  "propertiesMetadata" : {
    "metadata" : { }
  },
  "parametersMetadata" : {
    "metadata" : { }
  },
  "deployedAfter" : [ ],
  "hooks" : [ ]
}]#
#2026 08 16 17:44:54.216#Z#DEBUG#2fac7300-999a-11f1-891d-eeee0a87b8c8.OPERATION#flowable-async-job-executor-thread-8703#
[XS2BuildCloudDeployModelStep] Custom domains: []#
#2026 08 16 17:44:54.218#Z#DEBUG#2fac7300-999a-11f1-891d-eeee0a87b8c8.OPERATION#flowable-async-job-executor-thread-8703#
[XS2BuildCloudDeployModelStep] Calculating resource batches...#
#2026 08 16 17:44:54.218#Z#DEBUG#2fac7300-999a-11f1-891d-eeee0a87b8c8.OPERATION#flowable-async-job-executor-thread-8703#
[XS2BuildCloudDeployModelStep] Calculating resource batches completed.#
#2026 08 16 17:44:54.218#Z#DEBUG#2fac7300-999a-11f1-891d-eeee0a87b8c8.OPERATION#flowable-async-job-executor-thread-8703#
[XS2BuildCloudDeployModelStep] Cloud deployment model built#
#2026 08 16 17:44:54.218#Z#DEBUG#2fac7300-999a-11f1-891d-eeee0a87b8c8.OPERATION#flowable-async-job-executor-thread-8703#
Step "Build Deploy Model" finished#
#2026 08 16 17:44:54.259#Z#DEBUG#2fac7300-999a-11f1-891d-eeee0a87b8c8.OPERATION#flowable-async-job-executor-thread-8703#
[BuildCloudUndeployModelStep] Executing task "buildUndeployModelTask" of process "2fac7326-999a-11f1-891d-eeee0a87b8c8"...#
#2026 08 16 17:44:54.260#Z#DEBUG#2fac7300-999a-11f1-891d-eeee0a87b8c8.OPERATION#flowable-async-job-executor-thread-8703#
[BuildCloudUndeployModelStep] Building cloud undeployment model...#
#2026 08 16 17:44:54.262#Z#DEBUG#2fac7300-999a-11f1-891d-eeee0a87b8c8.OPERATION#flowable-async-job-executor-thread-8703#
[BuildCloudUndeployModelStep] Detecting service keys to delete.#
#2026 08 16 17:44:54.263#Z#DEBUG#2fac7300-999a-11f1-891d-eeee0a87b8c8.OPERATION#flowable-async-job-executor-thread-8703#
[BuildCloudUndeployModelStep] Detected deployed service keys by service "{incident-management-auth=[DeployedMtaServiceKey{name=incident-management-app-deployer-incident-management-auth-credentials, metadata=CloudMetadata{guid=0fab7373-e25a-459a-9d87-7ace2a46d88d, createdAt=2026-08-15T14:46:59, updatedAt=2026-08-15T14:47, url=null}, v3Metadata=Metadata{annotations={mta_id=incident-management, mta_version=1.0.0}, labels={mta_id=65411f2f607a75efbe525f81cfecafad, space_guid=f45e1bdb-ffb6-4131-81a7-6fdf00ff09b9}}, credentials=null, serviceInstance=CloudServiceInstance{name=incident-management-auth, metadata=CloudMetadata{guid=8abf4978-373f-483c-8790-2b78cc590755, createdAt=2026-08-15T14:46:42, updatedAt=2026-08-15T14:46:42, url=null}, v3Metadata=Metadata{annotations={mta_id=incident-management, mta_version=1.0.0, mta_resource={"name":"incident-management-auth"}}, labels={mta_id=65411f2f607a75efbe525f81cfecafad}}, label=null, plan=null, provider=null, broker=null, version=null, credentials={}, syslogDrainUrl=null, tags=[], type=managed, lastOperation=null}, serviceKeyOperation=null, resourceName=null}, DeployedMtaServiceKey{name=incident-management-auth-key, metadata=CloudMetadata{guid=6d7d1b55-940c-40d9-9cbd-ad9b2e2d3817, createdAt=2026-08-15T14:47:03, updatedAt=2026-08-15T14:47:03, url=null}, v3Metadata=Metadata{annotations={mta_id=incident-management, mta_version=1.0.0}, labels={mta_id=65411f2f607a75efbe525f81cfecafad, space_guid=f45e1bdb-ffb6-4131-81a7-6fdf00ff09b9}}, credentials=null, serviceInstance=CloudServiceInstance{name=incident-management-auth, metadata=CloudMetadata{guid=8abf4978-373f-483c-8790-2b78cc590755, createdAt=2026-08-15T14:46:42, updatedAt=2026-08-15T14:46:42, url=null}, v3Metadata=Metadata{annotations={mta_id=incident-management, mta_version=1.0.0, mta_resource={"name":"incident-management-auth"}}, labels={mta_id=65411f2f607a75efbe525f81cfecafad}}, label=null, plan=null, provider=null, broker=null, version=null, credentials={}, syslogDrainUrl=null, tags=[], type=managed, lastOperation=null}, serviceKeyOperation=null, resourceName=null}], incident-management-html5-repo-host=[DeployedMtaServiceKey{name=incident-management-app-deployer-incident-management-html5-repo-host-credentials, metadata=CloudMetadata{guid=3e68a04d-3356-4cc0-b8c4-f03740af658e, createdAt=2026-08-15T14:46:59, updatedAt=2026-08-15T14:47, url=null}, v3Metadata=Metadata{annotations={mta_id=incident-management, mta_version=1.0.0}, labels={mta_id=65411f2f607a75efbe525f81cfecafad, space_guid=f45e1bdb-ffb6-4131-81a7-6fdf00ff09b9}}, credentials=null, serviceInstance=CloudServiceInstance{name=incident-management-html5-repo-host, metadata=CloudMetadata{guid=fc235dd4-db97-46c4-9008-5465a9868355, createdAt=2026-08-15T14:46:43, updatedAt=2026-08-15T14:46:44, url=null}, v3Metadata=Metadata{annotations={mta_id=incident-management, mta_version=1.0.0, mta_resource={"name":"incident-management-html5-repo-host"}}, labels={mta_id=65411f2f607a75efbe525f81cfecafad}}, label=null, plan=null, provider=null, broker=null, version=null, credentials={}, syslogDrainUrl=null, tags=[], type=managed, lastOperation=null}, serviceKeyOperation=null, resourceName=null}, DeployedMtaServiceKey{name=incident-management-html5-repo-host-key, metadata=CloudMetadata{guid=ef1c38fe-cce6-472b-9775-0cf71883175a, createdAt=2026-08-15T14:47:03, updatedAt=2026-08-15T14:47:04, url=null}, v3Metadata=Metadata{annotations={mta_id=incident-management, mta_version=1.0.0}, labels={mta_id=65411f2f607a75efbe525f81cfecafad, space_guid=f45e1bdb-ffb6-4131-81a7-6fdf00ff09b9}}, credentials=null, serviceInstance=CloudServiceInstance{name=incident-management-html5-repo-host, metadata=CloudMetadata{guid=fc235dd4-db97-46c4-9008-5465a9868355, createdAt=2026-08-15T14:46:43, updatedAt=2026-08-15T14:46:44, url=null}, v3Metadata=Metadata{annotations={mta_id=incident-management, mta_version=1.0.0, mta_resource={"name":"incident-management-html5-repo-host"}}, labels={mta_id=65411f2f607a75efbe525f81cfecafad}}, label=null, plan=null, provider=null, broker=null, version=null, credentials={}, syslogDrainUrl=null, tags=[], type=managed, lastOperation=null}, serviceKeyOperation=null, resourceName=null}], incident-management-destination=[DeployedMtaServiceKey{name=incident-management-destinations-incident-management-destination-credentials, metadata=CloudMetadata{guid=9ae5857b-a33d-4af2-a8e5-61707e1d90fd, createdAt=2026-08-15T14:47:03, updatedAt=2026-08-15T14:47:05, url=null}, v3Metadata=Metadata{annotations={mta_id=incident-management, mta_version=1.0.0}, labels={mta_id=65411f2f607a75efbe525f81cfecafad, space_guid=f45e1bdb-ffb6-4131-81a7-6fdf00ff09b9}}, credentials=null, serviceInstance=CloudServiceInstance{name=incident-management-destination, metadata=CloudMetadata{guid=39390deb-9077-4ed4-95ec-93ddd919f5ba, createdAt=2026-08-15T14:46:40, updatedAt=2026-08-15T14:46:42, url=null}, v3Metadata=Metadata{annotations={mta_id=incident-management, mta_version=1.0.0, mta_resource={"name":"incident-management-destination"}}, labels={mta_id=65411f2f607a75efbe525f81cfecafad}}, label=null, plan=null, provider=null, broker=null, version=null, credentials={}, syslogDrainUrl=null, tags=[], type=managed, lastOperation=null}, serviceKeyOperation=null, resourceName=null}]}"#
#2026 08 16 17:44:54.265#Z#DEBUG#2fac7300-999a-11f1-891d-eeee0a87b8c8.OPERATION#flowable-async-job-executor-thread-8703#
[BuildCloudUndeployModelStep] New service keys by service "{incident-management-auth=[incident-management-app-deployer-incident-management-auth-credentials, incident-management-auth-key], incident-management-html5-repo-host=[incident-management-app-deployer-incident-management-html5-repo-host-credentials, incident-management-html5-repo-host-key], incident-management-destination=[incident-management-destinations-incident-management-destination-credentials]}"#
#2026 08 16 17:44:54.267#Z#DEBUG#2fac7300-999a-11f1-891d-eeee0a87b8c8.OPERATION#flowable-async-job-executor-thread-8703#
[BuildCloudUndeployModelStep] Existing service keys by service "{}"#
#2026 08 16 17:44:54.267#Z#DEBUG#2fac7300-999a-11f1-891d-eeee0a87b8c8.OPERATION#flowable-async-job-executor-thread-8703#
[BuildCloudUndeployModelStep] Detected service keys to delete "[]"#
#2026 08 16 17:44:54.271#Z#DEBUG#2fac7300-999a-11f1-891d-eeee0a87b8c8.OPERATION#flowable-async-job-executor-thread-8703#
[BuildCloudUndeployModelStep] MTA modules: [incident-management-app-deployer, incident-management-db-deployer, incident-management-srv, incident-management-destinations]#
#2026 08 16 17:44:54.271#Z#DEBUG#2fac7300-999a-11f1-891d-eeee0a87b8c8.OPERATION#flowable-async-job-executor-thread-8703#
[BuildCloudUndeployModelStep] Modules to undeploy: [ ]#
#2026 08 16 17:44:54.271#Z#DEBUG#2fac7300-999a-11f1-891d-eeee0a87b8c8.OPERATION#flowable-async-job-executor-thread-8703#
[BuildCloudUndeployModelStep] Modules that won't be changed: [ ]#
#2026 08 16 17:44:54.273#Z#DEBUG#2fac7300-999a-11f1-891d-eeee0a87b8c8.OPERATION#flowable-async-job-executor-thread-8703#
[BuildCloudUndeployModelStep] Subscriptions to delete: [ ]#
#2026 08 16 17:44:54.276#Z#DEBUG#2fac7300-999a-11f1-891d-eeee0a87b8c8.OPERATION#flowable-async-job-executor-thread-8703#
[BuildCloudUndeployModelStep] Cloud services to delete: []#
#2026 08 16 17:44:54.276#Z#DEBUG#2fac7300-999a-11f1-891d-eeee0a87b8c8.OPERATION#flowable-async-job-executor-thread-8703#
[BuildCloudUndeployModelStep] Cloud applications to undeploy: [ ]#
#2026 08 16 17:44:54.279#Z#DEBUG#2fac7300-999a-11f1-891d-eeee0a87b8c8.OPERATION#flowable-async-job-executor-thread-8703#
[BuildCloudUndeployModelStep] Cloud undeployment model built#
#2026 08 16 17:44:54.279#Z#DEBUG#2fac7300-999a-11f1-891d-eeee0a87b8c8.OPERATION#flowable-async-job-executor-thread-8703#
Step "Build Undeploy Model" finished#
#2026 08 16 17:44:54.314#Z#DEBUG#2fac7300-999a-11f1-891d-eeee0a87b8c8.OPERATION#flowable-async-job-executor-thread-8706#
[AddDomainsStep] Executing task "addDomainsTask" of process "2fac7326-999a-11f1-891d-eeee0a87b8c8"...#
#2026 08 16 17:44:54.316#Z#DEBUG#2fac7300-999a-11f1-891d-eeee0a87b8c8.OPERATION#flowable-async-job-executor-thread-8706#
[AddDomainsStep] Custom domains: []#
#2026 08 16 17:44:54.316#Z#DEBUG#2fac7300-999a-11f1-891d-eeee0a87b8c8.OPERATION#flowable-async-job-executor-thread-8706#
Step "Add Domains" finished#
#2026 08 16 17:44:54.444#Z#DEBUG#2fac7300-999a-11f1-891d-eeee0a87b8c8.OPERATION#flowable-async-job-executor-thread-8708#
[ExtractBatchedServicesWithResolvedDynamicParametersStep] Executing task "prepareModulesDeploymentTask" of process "308df996-999a-11f1-891d-eeee0a87b8c8"...#
#2026 08 16 17:44:54.445#Z#DEBUG#2fac7300-999a-11f1-891d-eeee0a87b8c8.OPERATION#flowable-async-job-executor-thread-8708#
[ExtractBatchedServicesWithResolvedDynamicParametersStep] Extracting services and resolving dynamic parameters from batch#
#2026 08 16 17:44:54.446#Z#DEBUG#2fac7300-999a-11f1-891d-eeee0a87b8c8.OPERATION#flowable-async-job-executor-thread-8708#
[ExtractBatchedServicesWithResolvedDynamicParametersStep] Services to create: [ {
  "isOptional" : false,
  "isManaged" : true,
  "name" : "********",
  "v3Metadata" : {
    "annotations" : {
      "mta_id" : "incident-management",
      "mta_version" : "1.0.0",
      "mta_resource" : "********"
    },
    "labels" : {
      "mta_id" : "65411f2f607a75efbe525f81cfecafad"
    }
  },
  "label" : "xsuaa",
  "plan" : "application",
  "credentials" : "********",
  "tags" : [ ],
  "type" : "managed",
  "resourceName" : "********",
  "shouldSkipParametersUpdate" : false,
  "shouldSkipPlanUpdate" : false,
  "shouldSkipTagsUpdate" : false,
  "shouldSkipSyslogUrlUpdate" : false
}, {
  "isOptional" : false,
  "isManaged" : true,
  "name" : "incident-management-db",
  "v3Metadata" : {
    "annotations" : {
      "mta_id" : "incident-management",
      "mta_version" : "1.0.0",
      "mta_resource" : "{\"name\":\"incident-management-db\"}"
    },
    "labels" : {
      "mta_id" : "65411f2f607a75efbe525f81cfecafad"
    }
  },
  "label" : "hana",
  "plan" : "hdi-shared",
  "credentials" : "********",
  "tags" : [ ],
  "type" : "managed",
  "resourceName" : "incident-management-db",
  "shouldSkipParametersUpdate" : false,
  "shouldSkipPlanUpdate" : false,
  "shouldSkipTagsUpdate" : false,
  "shouldSkipSyslogUrlUpdate" : false
}, {
  "isOptional" : false,
  "isManaged" : true,
  "name" : "incident-management-destination",
  "v3Metadata" : {
    "annotations" : {
      "mta_id" : "incident-management",
      "mta_version" : "1.0.0",
      "mta_resource" : "{\"name\":\"incident-management-destination\"}"
    },
    "labels" : {
      "mta_id" : "65411f2f607a75efbe525f81cfecafad"
    }
  },
  "label" : "destination",
  "plan" : "lite",
  "credentials" : "********",
  "tags" : [ ],
  "type" : "managed",
  "resourceName" : "incident-management-destination",
  "shouldSkipParametersUpdate" : false,
  "shouldSkipPlanUpdate" : false,
  "shouldSkipTagsUpdate" : false,
  "shouldSkipSyslogUrlUpdate" : false
}, {
  "isOptional" : false,
  "isManaged" : true,
  "name" : "incident-management-html5-repo-host",
  "v3Metadata" : {
    "annotations" : {
      "mta_id" : "incident-management",
      "mta_version" : "1.0.0",
      "mta_resource" : "{\"name\":\"incident-management-html5-repo-host\"}"
    },
    "labels" : {
      "mta_id" : "65411f2f607a75efbe525f81cfecafad"
    }
  },
  "label" : "html5-apps-repo",
  "plan" : "app-host",
  "credentials" : "********",
  "tags" : [ ],
  "type" : "managed",
  "resourceName" : "incident-management-html5-repo-host",
  "shouldSkipParametersUpdate" : false,
  "shouldSkipPlanUpdate" : false,
  "shouldSkipTagsUpdate" : false,
  "shouldSkipSyslogUrlUpdate" : false
} ]#
#2026 08 16 17:44:54.447#Z#DEBUG#2fac7300-999a-11f1-891d-eeee0a87b8c8.OPERATION#flowable-async-job-executor-thread-8708#
Step "Extract Services with Resolved Dynamic parameters from batch" finished#
#2026 08 16 17:44:54.543#Z#DEBUG#2fac7300-999a-11f1-891d-eeee0a87b8c8.OPERATION#flowable-async-job-executor-thread-8708#
[CheckServiceOperationStateStep] Executing task "CheckServiceOperationStateTask" of process "30a0977e-999a-11f1-891d-eeee0a87b8c8"...#
#2026 08 16 17:44:54.544#Z#DEBUG#2fac7300-999a-11f1-891d-eeee0a87b8c8.OPERATION#flowable-async-job-executor-thread-8708#
[CheckServiceOperationStateStep] Getting service instance "incident-management-db"...#
#2026 08 16 17:44:54.666#Z#DEBUG#2fac7300-999a-11f1-891d-eeee0a87b8c8.OPERATION#flowable-async-job-executor-thread-8708#
Step "Check for service operations in Progress" finished#
#2026 08 16 17:44:54.696#Z#DEBUG#2fac7300-999a-11f1-891d-eeee0a87b8c8.OPERATION#flowable-async-job-executor-thread-8708#
[DetermineServiceCreateUpdateServiceActionsStep] Executing task "DetermineServiceCreateUpdateActionsTask" of process "30a0977e-999a-11f1-891d-eeee0a87b8c8"...#
#2026 08 16 17:44:54.698#Z#INFO#2fac7300-999a-11f1-891d-eeee0a87b8c8.OPERATION#flowable-async-job-executor-thread-8708#
[DetermineServiceCreateUpdateServiceActionsStep] Processing service "incident-management-db"...#
#2026 08 16 17:44:54.702#Z#DEBUG#2fac7300-999a-11f1-891d-eeee0a87b8c8.OPERATION#flowable-async-job-executor-thread-8708#
[DetermineServiceCreateUpdateServiceActionsStep] Getting service instance "incident-management-db"...#
#2026 08 16 17:44:54.819#Z#DEBUG#2fac7300-999a-11f1-891d-eeee0a87b8c8.OPERATION#flowable-async-job-executor-thread-8708#
[DetermineServiceCreateUpdateServiceActionsStep] Existing service: {
  "name" : "incident-management-db",
  "metadata" : {
    "guid" : "0da58f91-ee1a-4ff0-8d8d-813b7a5dfa30",
    "createdAt" : [ 2026, 8, 15, 14, 46, 40 ],
    "updatedAt" : [ 2026, 8, 15, 14, 46, 40 ]
  },
  "v3Metadata" : {
    "annotations" : {
      "mta_id" : "incident-management",
      "mta_version" : "1.0.0",
      "mta_resource" : "{\"name\":\"incident-management-db\"}"
    },
    "labels" : {
      "mta_id" : "65411f2f607a75efbe525f81cfecafad"
    }
  },
  "label" : "hana",
  "plan" : "hdi-shared",
  "credentials" : "********",
  "tags" : [ ],
  "type" : "managed",
  "lastOperation" : {
    "type" : "CREATE",
    "state" : "SUCCEEDED"
  }
}#
#2026 08 16 17:44:54.819#Z#WARN#2fac7300-999a-11f1-891d-eeee0a87b8c8.OPERATION#flowable-async-job-executor-thread-8708#
[DetermineServiceCreateUpdateServiceActionsStep] Service parameters for service "incident-management-db" will not be updated, as the parameters are not defined or empty.#
#2026 08 16 17:44:54.819#Z#DEBUG#2fac7300-999a-11f1-891d-eeee0a87b8c8.OPERATION#flowable-async-job-executor-thread-8708#
Step "Determine update actions" finished#
#2026 08 16 17:44:54.866#Z#DEBUG#2fac7300-999a-11f1-891d-eeee0a87b8c8.OPERATION#flowable-async-job-executor-thread-8707#
[CheckForServiceBindingOrKeyOperationStep] Executing task "CheckForServiceBindingOrKeyCreation" of process "30a0977e-999a-11f1-891d-eeee0a87b8c8"...#
#2026 08 16 17:44:54.868#Z#DEBUG#2fac7300-999a-11f1-891d-eeee0a87b8c8.OPERATION#flowable-async-job-executor-thread-8707#
Step "Check for service binding or key creation" finished#
#2026 08 16 17:44:55.792#Z#DEBUG#2fac7300-999a-11f1-891d-eeee0a87b8c8.OPERATION#flowable-async-job-executor-thread-20570#
[CheckServiceOperationStateStep] Executing task "CheckServiceOperationStateTask" of process "315fc8c5-999a-11f1-b453-eeee0a9f8472"...#
#2026 08 16 17:44:55.856#Z#DEBUG#2fac7300-999a-11f1-891d-eeee0a87b8c8.OPERATION#flowable-async-job-executor-thread-20570#
[CheckServiceOperationStateStep] Getting service instance "incident-management-auth"...#
#2026 08 16 17:44:55.985#Z#DEBUG#2fac7300-999a-11f1-891d-eeee0a87b8c8.OPERATION#flowable-async-job-executor-thread-20570#
Step "Check for service operations in Progress" finished#
#2026 08 16 17:44:56.010#Z#DEBUG#2fac7300-999a-11f1-891d-eeee0a87b8c8.OPERATION#flowable-async-job-executor-thread-20570#
[DetermineServiceCreateUpdateServiceActionsStep] Executing task "DetermineServiceCreateUpdateActionsTask" of process "315fc8c5-999a-11f1-b453-eeee0a9f8472"...#
#2026 08 16 17:44:56.011#Z#INFO#2fac7300-999a-11f1-891d-eeee0a87b8c8.OPERATION#flowable-async-job-executor-thread-20570#
[DetermineServiceCreateUpdateServiceActionsStep] Processing service "incident-management-auth"...#
#2026 08 16 17:44:56.015#Z#DEBUG#2fac7300-999a-11f1-891d-eeee0a87b8c8.OPERATION#flowable-async-job-executor-thread-20570#
[DetermineServiceCreateUpdateServiceActionsStep] Getting service instance "incident-management-auth"...#
#2026 08 16 17:44:56.135#Z#INFO#2fac7300-999a-11f1-891d-eeee0a87b8c8.OPERATION#flowable-async-job-executor-thread-20570#
[DetermineServiceCreateUpdateServiceActionsStep] Setting service "incident-management-auth" parameters from "xs-security.json"#
#2026 08 16 17:44:56.168#Z#DEBUG#2fac7300-999a-11f1-891d-eeee0a87b8c8.OPERATION#flowable-async-job-executor-thread-20570#
[DetermineServiceCreateUpdateServiceActionsStep] Existing service: {
  "name" : "********",
  "metadata" : {
    "guid" : "8abf4978-373f-483c-8790-2b78cc590755",
    "createdAt" : [ 2026, 8, 15, 14, 46, 42 ],
    "updatedAt" : [ 2026, 8, 15, 14, 46, 42 ]
  },
  "v3Metadata" : {
    "annotations" : {
      "mta_id" : "incident-management",
      "mta_version" : "1.0.0",
      "mta_resource" : "********"
    },
    "labels" : {
      "mta_id" : "65411f2f607a75efbe525f81cfecafad"
    }
  },
  "label" : "xsuaa",
  "plan" : "application",
  "credentials" : "********",
  "tags" : [ ],
  "type" : "managed",
  "lastOperation" : {
    "type" : "UPDATE",
    "description" : "",
    "state" : "SUCCEEDED"
  }
}#
#2026 08 16 17:44:56.168#Z#DEBUG#2fac7300-999a-11f1-891d-eeee0a87b8c8.OPERATION#flowable-async-job-executor-thread-20570#
[DetermineServiceCreateUpdateServiceActionsStep] Service parameters will be updated#
#2026 08 16 17:44:56.168#Z#DEBUG#2fac7300-999a-11f1-891d-eeee0a87b8c8.OPERATION#flowable-async-job-executor-thread-20570#
[DetermineServiceCreateUpdateServiceActionsStep] New parameters: {
  "attributes" : [ ],
  "oauth2-configuration" : "********",
  "role-collections" : [ {
    "description" : "generated",
    "name" : "support (incident-management 292a43cftrial-dev)",
    "role-template-references" : [ "$XSAPPNAME.support" ]
  }, {
    "description" : "generated",
    "name" : "admin (incident-management 292a43cftrial-dev)",
    "role-template-references" : [ "$XSAPPNAME.admin" ]
  } ],
  "role-templates" : [ {
    "name" : "support",
    "description" : "generated",
    "scope-references" : [ "$XSAPPNAME.support" ],
    "attribute-references" : [ ]
  }, {
    "name" : "admin",
    "description" : "generated",
    "scope-references" : [ "$XSAPPNAME.admin" ],
    "attribute-references" : [ ]
  } ],
  "scopes" : [ {
    "name" : "$XSAPPNAME.support",
    "description" : "support"
  }, {
    "name" : "$XSAPPNAME.admin",
    "description" : "admin"
  } ],
  "tenant-mode" : "dedicated",
  "xsappname" : "incident-management-292a43cftrial-dev"
}#
#2026 08 16 17:44:56.168#Z#DEBUG#2fac7300-999a-11f1-891d-eeee0a87b8c8.OPERATION#flowable-async-job-executor-thread-20570#
Step "Determine update actions" finished#
#2026 08 16 17:44:56.203#Z#DEBUG#2fac7300-999a-11f1-891d-eeee0a87b8c8.OPERATION#flowable-async-job-executor-thread-20570#
[CheckForServiceBindingOrKeyOperationStep] Executing task "CheckForServiceBindingOrKeyCreation" of process "315fc8c5-999a-11f1-b453-eeee0a9f8472"...#
#2026 08 16 17:44:56.204#Z#DEBUG#2fac7300-999a-11f1-891d-eeee0a87b8c8.OPERATION#flowable-async-job-executor-thread-20570#
Step "Check for service binding or key creation" finished#
#2026 08 16 17:44:56.231#Z#DEBUG#2fac7300-999a-11f1-891d-eeee0a87b8c8.OPERATION#flowable-async-job-executor-thread-20570#
[UpdateServiceParametersStep] Executing task "UpdateServiceParametersTask" of process "315fc8c5-999a-11f1-b453-eeee0a9f8472"...#
#2026 08 16 17:44:56.233#Z#INFO#2fac7300-999a-11f1-891d-eeee0a87b8c8.OPERATION#flowable-async-job-executor-thread-20570#
[UpdateServiceParametersStep] Updating service "incident-management-auth"...#
#2026 08 16 17:44:56.237#Z#DEBUG#2fac7300-999a-11f1-891d-eeee0a87b8c8.OPERATION#flowable-async-job-executor-thread-20570#
[UpdateServiceParametersStep] Updating service parameters for service "incident-management-auth"...#
#2026 08 16 17:44:56.331#Z#DEBUG#2fac7300-999a-11f1-891d-eeee0a87b8c8.OPERATION#flowable-async-job-executor-thread-20570#
[UpdateServiceParametersStep] Service "incident-management-auth" updated#
#2026 08 16 17:44:56.331#Z#DEBUG#2fac7300-999a-11f1-891d-eeee0a87b8c8.OPERATION#flowable-async-job-executor-thread-20570#
[UpdateServiceParametersStep] Triggered service operations: {
  "incident-management-auth" : "UPDATE"
}#
#2026 08 16 17:44:56.332#Z#DEBUG#2fac7300-999a-11f1-891d-eeee0a87b8c8.OPERATION#flowable-async-job-executor-thread-20570#
Step "Update parameters" finished#
#2026 08 16 17:44:56.204#Z#DEBUG#2fac7300-999a-11f1-891d-eeee0a87b8c8.OPERATION#flowable-async-job-executor-thread-8709#
[CheckServiceOperationStateStep] Executing task "CheckServiceOperationStateTask" of process "319d1f47-999a-11f1-891d-eeee0a87b8c8"...#
#2026 08 16 17:44:56.205#Z#DEBUG#2fac7300-999a-11f1-891d-eeee0a87b8c8.OPERATION#flowable-async-job-executor-thread-8709#
[CheckServiceOperationStateStep] Getting service instance "incident-management-html5-repo-host"...#
#2026 08 16 17:44:56.336#Z#DEBUG#2fac7300-999a-11f1-891d-eeee0a87b8c8.OPERATION#flowable-async-job-executor-thread-8709#
Step "Check for service operations in Progress" finished#
#2026 08 16 17:44:56.364#Z#DEBUG#2fac7300-999a-11f1-891d-eeee0a87b8c8.OPERATION#flowable-async-job-executor-thread-8709#
[DetermineServiceCreateUpdateServiceActionsStep] Executing task "DetermineServiceCreateUpdateActionsTask" of process "319d1f47-999a-11f1-891d-eeee0a87b8c8"...#
#2026 08 16 17:44:56.366#Z#INFO#2fac7300-999a-11f1-891d-eeee0a87b8c8.OPERATION#flowable-async-job-executor-thread-8709#
[DetermineServiceCreateUpdateServiceActionsStep] Processing service "incident-management-html5-repo-host"...#
#2026 08 16 17:44:56.371#Z#DEBUG#2fac7300-999a-11f1-891d-eeee0a87b8c8.OPERATION#flowable-async-job-executor-thread-8709#
[DetermineServiceCreateUpdateServiceActionsStep] Getting service instance "incident-management-html5-repo-host"...#
#2026 08 16 17:44:56.499#Z#DEBUG#2fac7300-999a-11f1-891d-eeee0a87b8c8.OPERATION#flowable-async-job-executor-thread-8709#
[DetermineServiceCreateUpdateServiceActionsStep] Existing service: {
  "name" : "incident-management-html5-repo-host",
  "metadata" : {
    "guid" : "fc235dd4-db97-46c4-9008-5465a9868355",
    "createdAt" : [ 2026, 8, 15, 14, 46, 43 ],
    "updatedAt" : [ 2026, 8, 15, 14, 46, 44 ]
  },
  "v3Metadata" : {
    "annotations" : {
      "mta_id" : "incident-management",
      "mta_version" : "1.0.0",
      "mta_resource" : "{\"name\":\"incident-management-html5-repo-host\"}"
    },
    "labels" : {
      "mta_id" : "65411f2f607a75efbe525f81cfecafad"
    }
  },
  "label" : "html5-apps-repo",
  "plan" : "app-host",
  "credentials" : "********",
  "tags" : [ ],
  "type" : "managed",
  "lastOperation" : {
    "type" : "CREATE",
    "description" : "",
    "state" : "SUCCEEDED"
  }
}#
#2026 08 16 17:44:56.499#Z#WARN#2fac7300-999a-11f1-891d-eeee0a87b8c8.OPERATION#flowable-async-job-executor-thread-8709#
[DetermineServiceCreateUpdateServiceActionsStep] Service parameters for service "incident-management-html5-repo-host" will not be updated, as the parameters are not defined or empty.#
#2026 08 16 17:44:56.499#Z#DEBUG#2fac7300-999a-11f1-891d-eeee0a87b8c8.OPERATION#flowable-async-job-executor-thread-8709#
Step "Determine update actions" finished#
#2026 08 16 17:44:56.544#Z#DEBUG#2fac7300-999a-11f1-891d-eeee0a87b8c8.OPERATION#flowable-async-job-executor-thread-8709#
[CheckForServiceBindingOrKeyOperationStep] Executing task "CheckForServiceBindingOrKeyCreation" of process "319d1f47-999a-11f1-891d-eeee0a87b8c8"...#
#2026 08 16 17:44:56.545#Z#DEBUG#2fac7300-999a-11f1-891d-eeee0a87b8c8.OPERATION#flowable-async-job-executor-thread-8709#
Step "Check for service binding or key creation" finished#
#2026 08 16 17:44:58.805#Z#DEBUG#2fac7300-999a-11f1-891d-eeee0a87b8c8.OPERATION#flowable-async-job-executor-thread-20575#
[CheckServiceOperationStateStep] Executing task "CheckServiceOperationStateTask" of process "332b605e-999a-11f1-b453-eeee0a9f8472"...#
#2026 08 16 17:44:58.805#Z#DEBUG#2fac7300-999a-11f1-891d-eeee0a87b8c8.OPERATION#flowable-async-job-executor-thread-20575#
[CheckServiceOperationStateStep] Getting service instance "incident-management-destination"...#
#2026 08 16 17:44:58.946#Z#DEBUG#2fac7300-999a-11f1-891d-eeee0a87b8c8.OPERATION#flowable-async-job-executor-thread-20575#
Step "Check for service operations in Progress" finished#
#2026 08 16 17:44:58.969#Z#DEBUG#2fac7300-999a-11f1-891d-eeee0a87b8c8.OPERATION#flowable-async-job-executor-thread-20576#
[DetermineServiceCreateUpdateServiceActionsStep] Executing task "DetermineServiceCreateUpdateActionsTask" of process "332b605e-999a-11f1-b453-eeee0a9f8472"...#
#2026 08 16 17:44:58.970#Z#INFO#2fac7300-999a-11f1-891d-eeee0a87b8c8.OPERATION#flowable-async-job-executor-thread-20576#
[DetermineServiceCreateUpdateServiceActionsStep] Processing service "incident-management-destination"...#
#2026 08 16 17:44:58.974#Z#DEBUG#2fac7300-999a-11f1-891d-eeee0a87b8c8.OPERATION#flowable-async-job-executor-thread-20576#
[DetermineServiceCreateUpdateServiceActionsStep] Getting service instance "incident-management-destination"...#
#2026 08 16 17:44:59.106#Z#DEBUG#2fac7300-999a-11f1-891d-eeee0a87b8c8.OPERATION#flowable-async-job-executor-thread-20576#
[DetermineServiceCreateUpdateServiceActionsStep] Existing service: {
  "name" : "incident-management-destination",
  "metadata" : {
    "guid" : "39390deb-9077-4ed4-95ec-93ddd919f5ba",
    "createdAt" : [ 2026, 8, 15, 14, 46, 40 ],
    "updatedAt" : [ 2026, 8, 15, 14, 46, 42 ]
  },
  "v3Metadata" : {
    "annotations" : {
      "mta_id" : "incident-management",
      "mta_version" : "1.0.0",
      "mta_resource" : "{\"name\":\"incident-management-destination\"}"
    },
    "labels" : {
      "mta_id" : "65411f2f607a75efbe525f81cfecafad"
    }
  },
  "label" : "destination",
  "plan" : "lite",
  "credentials" : "********",
  "tags" : [ ],
  "type" : "managed",
  "lastOperation" : {
    "type" : "CREATE",
    "description" : "",
    "state" : "SUCCEEDED"
  }
}#
#2026 08 16 17:44:59.106#Z#WARN#2fac7300-999a-11f1-891d-eeee0a87b8c8.OPERATION#flowable-async-job-executor-thread-20576#
[DetermineServiceCreateUpdateServiceActionsStep] Service parameters for service "incident-management-destination" will not be updated, as the parameters are not defined or empty.#
#2026 08 16 17:44:59.106#Z#DEBUG#2fac7300-999a-11f1-891d-eeee0a87b8c8.OPERATION#flowable-async-job-executor-thread-20576#
Step "Determine update actions" finished#
#2026 08 16 17:44:59.137#Z#DEBUG#2fac7300-999a-11f1-891d-eeee0a87b8c8.OPERATION#flowable-async-job-executor-thread-20577#
[CheckForServiceBindingOrKeyOperationStep] Executing task "CheckForServiceBindingOrKeyCreation" of process "332b605e-999a-11f1-b453-eeee0a9f8472"...#
#2026 08 16 17:44:59.139#Z#DEBUG#2fac7300-999a-11f1-891d-eeee0a87b8c8.OPERATION#flowable-async-job-executor-thread-20577#
Step "Check for service binding or key creation" finished#
#2026 08 16 17:45:01.995#Z#DEBUG#2fac7300-999a-11f1-891d-eeee0a87b8c8.OPERATION#flowable-async-job-executor-thread-20581#
[UpdateServiceParametersStep] Executing task "UpdateServiceParametersTask" of process "315fc8c5-999a-11f1-b453-eeee0a9f8472"...#
#2026 08 16 17:45:01.996#Z#DEBUG#2fac7300-999a-11f1-891d-eeee0a87b8c8.OPERATION#flowable-async-job-executor-thread-20581#
[UpdateServiceParametersStep] Polling service operations...#
#2026 08 16 17:45:01.998#Z#DEBUG#2fac7300-999a-11f1-891d-eeee0a87b8c8.OPERATION#flowable-async-job-executor-thread-20581#
[UpdateServiceParametersStep] Getting service instance "incident-management-auth"...#
#2026 08 16 17:45:02.147#Z#DEBUG#2fac7300-999a-11f1-891d-eeee0a87b8c8.OPERATION#flowable-async-job-executor-thread-20581#
[UpdateServiceParametersStep] Last operation for service "incident-management-auth": {
  "type" : "UPDATE",
  "description" : "",
  "state" : "SUCCEEDED"
}#
#2026 08 16 17:45:02.147#Z#DEBUG#2fac7300-999a-11f1-891d-eeee0a87b8c8.OPERATION#flowable-async-job-executor-thread-20581#
[UpdateServiceParametersStep] Service "incident-management-auth" updated#
#2026 08 16 17:45:02.147#Z#INFO#2fac7300-999a-11f1-891d-eeee0a87b8c8.OPERATION#flowable-async-job-executor-thread-20581#
[UpdateServiceParametersStep] 1 of 1 done#
#2026 08 16 17:45:02.151#Z#DEBUG#2fac7300-999a-11f1-891d-eeee0a87b8c8.OPERATION#flowable-async-job-executor-thread-20581#
[UpdateServiceParametersStep] Remaining services to poll: [ ]#
#2026 08 16 17:45:02.153#Z#DEBUG#2fac7300-999a-11f1-891d-eeee0a87b8c8.OPERATION#flowable-async-job-executor-thread-20581#
Step "Update parameters" finished#
#2026 08 16 17:45:02.373#Z#DEBUG#2fac7300-999a-11f1-891d-eeee0a87b8c8.OPERATION#flowable-async-job-executor-thread-20581#
[PrepareModulesDeploymentStep] Executing task "prepareModulesDeploymentTask" of process "3547fe87-999a-11f1-b453-eeee0a9f8472"...#
#2026 08 16 17:45:02.373#Z#DEBUG#2fac7300-999a-11f1-891d-eeee0a87b8c8.OPERATION#flowable-async-job-executor-thread-20581#
[PrepareModulesDeploymentStep] Preparing modules deployment...#
#2026 08 16 17:45:02.378#Z#DEBUG#2fac7300-999a-11f1-891d-eeee0a87b8c8.OPERATION#flowable-async-job-executor-thread-20581#
Step "Prepare Modules Deployment" finished#
#2026 08 16 17:45:02.407#Z#DEBUG#2fac7300-999a-11f1-891d-eeee0a87b8c8.OPERATION#flowable-async-job-executor-thread-20581#
[ComputeNextModulesStep] Executing task "computeNextModulesToDeployInParallel" of process "3547fe87-999a-11f1-b453-eeee0a9f8472"...#
#2026 08 16 17:45:02.408#Z#DEBUG#2fac7300-999a-11f1-891d-eeee0a87b8c8.OPERATION#flowable-async-job-executor-thread-20581#
[ComputeNextModulesStep] Computing modules for next parallel iteration...#
#2026 08 16 17:45:02.411#Z#DEBUG#2fac7300-999a-11f1-891d-eeee0a87b8c8.OPERATION#flowable-async-job-executor-thread-20581#
[ComputeNextModulesStep] Completed modules detected: []#
#2026 08 16 17:45:02.411#Z#DEBUG#2fac7300-999a-11f1-891d-eeee0a87b8c8.OPERATION#flowable-async-job-executor-thread-20581#
[ComputeNextModulesStep] All modules for deploy detected: [incident-management-app-deployer, incident-management-db-deployer, incident-management-srv, incident-management-destinations]#
#2026 08 16 17:45:02.411#Z#DEBUG#2fac7300-999a-11f1-891d-eeee0a87b8c8.OPERATION#flowable-async-job-executor-thread-20581#
[ComputeNextModulesStep] Modules not for deploy detected: []#
#2026 08 16 17:45:02.412#Z#DEBUG#2fac7300-999a-11f1-891d-eeee0a87b8c8.OPERATION#flowable-async-job-executor-thread-20581#
[ComputeNextModulesStep] Computed modules for next parallel iteration: [ {
  "majorSchemaVersion" : 3,
  "name" : "incident-management-srv",
  "type" : "javascript.nodejs",
  "path" : "incident-management-srv",
  "properties" : { },
  "parameters" : {
    "app-name" : "incident-management-srv",
    "buildpack" : "nodejs_buildpack",
    "default-app-name" : "incident-management-srv",
    "default-host" : "292a43cftrial-dev-incident-management-srv",
    "default-instances" : 1,
    "default-live-app-name" : "incident-management-srv",
    "default-live-domain" : "cfapps.us10-001.hana.ondemand.com",
    "default-live-host" : "292a43cftrial-dev-incident-management-srv",
    "default-live-uri" : "292a43cftrial-dev-incident-management-srv.cfapps.us10-001.hana.ondemand.com",
    "default-live-url" : "https://292a43cftrial-dev-incident-management-srv.cfapps.us10-001.hana.ondemand.com",
    "default-uri" : "292a43cftrial-dev-incident-management-srv.cfapps.us10-001.hana.ondemand.com",
    "default-url" : "https://292a43cftrial-dev-incident-management-srv.cfapps.us10-001.hana.ondemand.com",
    "dependency-type" : "soft",
    "domain" : "cfapps.us10-001.hana.ondemand.com",
    "generated-password" : "********",
    "generated-user" : "********",
    "host" : "292a43cftrial-dev-incident-management-srv",
    "instances" : 1,
    "protocol" : "https"
  },
  "requiredDependencies" : [ {
    "majorSchemaVersion" : 3,
    "name" : "********",
    "properties" : { },
    "parameters" : { },
    "propertiesMetadata" : {
      "metadata" : { }
    },
    "parametersMetadata" : {
      "metadata" : { }
    }
  }, {
    "majorSchemaVersion" : 3,
    "name" : "incident-management-db",
    "properties" : { },
    "parameters" : { },
    "propertiesMetadata" : {
      "metadata" : { }
    },
    "parametersMetadata" : {
      "metadata" : { }
    }
  }, {
    "majorSchemaVersion" : 3,
    "name" : "incident-management-destination",
    "properties" : { },
    "parameters" : { },
    "propertiesMetadata" : {
      "metadata" : { }
    },
    "parametersMetadata" : {
      "metadata" : { }
    }
  } ],
  "providedDependencies" : [ {
    "majorSchemaVersion" : 3,
    "name" : "srv-api",
    "isPublic" : false,
    "properties" : {
      "srv-url" : "https://292a43cftrial-dev-incident-management-srv.cfapps.us10-001.hana.ondemand.com"
    },
    "parameters" : { },
    "propertiesMetadata" : {
      "metadata" : { }
    },
    "parametersMetadata" : {
      "metadata" : { }
    }
  }, {
    "majorSchemaVersion" : 3,
    "name" : "incident-management-srv",
    "isPublic" : false,
    "properties" : { },
    "parameters" : { },
    "propertiesMetadata" : {
      "metadata" : { }
    },
    "parametersMetadata" : {
      "metadata" : { }
    }
  } ],
  "propertiesMetadata" : {
    "metadata" : { }
  },
  "parametersMetadata" : {
    "metadata" : { }
  },
  "deployedAfter" : [ ],
  "hooks" : [ ]
}, {
  "majorSchemaVersion" : 3,
  "name" : "incident-management-db-deployer",
  "type" : "com.sap.xs.hdi",
  "path" : "incident-management-db-deployer",
  "properties" : {
    "EXIT" : 1
  },
  "parameters" : {
    "app-name" : "incident-management-db-deployer",
    "buildpack" : "nodejs_buildpack",
    "default-app-name" : "incident-management-db-deployer",
    "default-host" : "292a43cftrial-dev-incident-management-db-deployer",
    "default-instances" : 1,
    "default-live-app-name" : "incident-management-db-deployer",
    "default-live-domain" : "cfapps.us10-001.hana.ondemand.com",
    "default-live-host" : "292a43cftrial-dev-incident-management-db-deployer",
    "default-live-uri" : "292a43cftrial-dev-incident-management-db-deployer.cfapps.us10-001.hana.ondemand.com",
    "default-live-url" : "https://292a43cftrial-dev-incident-management-db-deployer.cfapps.us10-001.hana.ondemand.com",
    "default-uri" : "292a43cftrial-dev-incident-management-db-deployer.cfapps.us10-001.hana.ondemand.com",
    "default-url" : "https://292a43cftrial-dev-incident-management-db-deployer.cfapps.us10-001.hana.ondemand.com",
    "dependency-type" : "hard",
    "domain" : "cfapps.us10-001.hana.ondemand.com",
    "generated-password" : "********",
    "generated-user" : "********",
    "host" : "292a43cftrial-dev-incident-management-db-deployer",
    "instances" : 1,
    "memory" : "256M",
    "no-route" : true,
    "no-start" : true,
    "protocol" : "https",
    "tasks" : [ {
      "command" : "npm start",
      "memory" : "256M",
      "name" : "deploy"
    } ]
  },
  "requiredDependencies" : [ {
    "majorSchemaVersion" : 3,
    "name" : "incident-management-db",
    "properties" : { },
    "parameters" : { },
    "propertiesMetadata" : {
      "metadata" : { }
    },
    "parametersMetadata" : {
      "metadata" : { }
    }
  } ],
  "providedDependencies" : [ {
    "majorSchemaVersion" : 3,
    "name" : "incident-management-db-deployer",
    "isPublic" : false,
    "properties" : { },
    "parameters" : { },
    "propertiesMetadata" : {
      "metadata" : { }
    },
    "parametersMetadata" : {
      "metadata" : { }
    }
  } ],
  "propertiesMetadata" : {
    "metadata" : { }
  },
  "parametersMetadata" : {
    "metadata" : { }
  },
  "deployedAfter" : [ ],
  "hooks" : [ ]
}, {
  "majorSchemaVersion" : 3,
  "name" : "incident-management-app-deployer",
  "type" : "com.sap.application.content",
  "path" : "incident-management-app-deployer",
  "properties" : { },
  "parameters" : {
    "app-name" : "incident-management-app-deployer",
    "config" : {
      "destinations" : [ {
        "Authentication" : "********",
        "HTML5.DynamicDestination" : true,
        "HTML5.ForwardAuthToken" : "********",
        "Name" : "srv-api",
        "ProxyType" : "Internet",
        "Type" : "HTTP",
        "URL" : "https://292a43cftrial-dev-incident-management-srv.cfapps.us10-001.hana.ondemand.com"
      } ]
    },
    "default-app-name" : "incident-management-app-deployer",
    "default-host" : "292a43cftrial-dev-incident-management-app-deployer",
    "default-instances" : 1,
    "default-live-app-name" : "incident-management-app-deployer",
    "default-live-domain" : "cfapps.us10-001.hana.ondemand.com",
    "default-live-host" : "292a43cftrial-dev-incident-management-app-deployer",
    "default-live-uri" : "292a43cftrial-dev-incident-management-app-deployer.cfapps.us10-001.hana.ondemand.com",
    "default-live-url" : "https://292a43cftrial-dev-incident-management-app-deployer.cfapps.us10-001.hana.ondemand.com",
    "default-uri" : "292a43cftrial-dev-incident-management-app-deployer.cfapps.us10-001.hana.ondemand.com",
    "default-url" : "https://292a43cftrial-dev-incident-management-app-deployer.cfapps.us10-001.hana.ondemand.com",
    "dependency-type" : "soft",
    "domain" : "cfapps.us10-001.hana.ondemand.com",
    "generated-password" : "********",
    "generated-user" : "********",
    "host" : "292a43cftrial-dev-incident-management-app-deployer",
    "instances" : 1,
    "protocol" : "https"
  },
  "requiredDependencies" : [ {
    "majorSchemaVersion" : 3,
    "name" : "********",
    "properties" : { },
    "parameters" : { },
    "propertiesMetadata" : {
      "metadata" : { }
    },
    "parametersMetadata" : {
      "metadata" : { }
    }
  }, {
    "majorSchemaVersion" : 3,
    "name" : "srv-api",
    "properties" : { },
    "parameters" : { },
    "propertiesMetadata" : {
      "metadata" : { }
    },
    "parametersMetadata" : {
      "metadata" : { }
    }
  }, {
    "majorSchemaVersion" : 3,
    "name" : "incident-management-html5-repo-host",
    "properties" : { },
    "parameters" : {
      "config" : {
        "HTML5Runtime_enabled" : true
      },
      "content-target" : true
    },
    "propertiesMetadata" : {
      "metadata" : { }
    },
    "parametersMetadata" : {
      "metadata" : { }
    }
  } ],
  "providedDependencies" : [ {
    "majorSchemaVersion" : 3,
    "name" : "incident-management-app-deployer",
    "isPublic" : false,
    "properties" : { },
    "parameters" : { },
    "propertiesMetadata" : {
      "metadata" : { }
    },
    "parametersMetadata" : {
      "metadata" : { }
    }
  } ],
  "propertiesMetadata" : {
    "metadata" : { }
  },
  "parametersMetadata" : {
    "metadata" : { }
  },
  "deployedAfter" : [ ],
  "hooks" : [ ]
}, {
  "majorSchemaVersion" : 3,
  "name" : "incident-management-destinations",
  "type" : "com.sap.application.content",
  "properties" : { },
  "parameters" : {
    "app-name" : "incident-management-destinations",
    "content" : {
      "instance" : {
        "destinations" : [ {
          "Authentication" : "********",
          "Name" : "********",
          "ServiceInstanceName" : "********",
          "ServiceKeyName" : "********",
          "sap.cloud.service" : "incidentmanagement.service"
        } ],
        "existing_destinations_policy" : "update"
      },
      "subaccount" : {
        "destinations" : [ {
          "Name" : "incident-management-html5-repository",
          "ServiceInstanceName" : "incident-management-html5-repo-host",
          "ServiceKeyName" : "********",
          "sap.cloud.service" : "incidentmanagement.service"
        } ],
        "existing_destinations_policy" : "update"
      }
    },
    "default-app-name" : "incident-management-destinations",
    "default-host" : "292a43cftrial-dev-incident-management-destinations",
    "default-instances" : 1,
    "default-live-app-name" : "incident-management-destinations",
    "default-live-domain" : "cfapps.us10-001.hana.ondemand.com",
    "default-live-host" : "292a43cftrial-dev-incident-management-destinations",
    "default-live-uri" : "292a43cftrial-dev-incident-management-destinations.cfapps.us10-001.hana.ondemand.com",
    "default-live-url" : "https://292a43cftrial-dev-incident-management-destinations.cfapps.us10-001.hana.ondemand.com",
    "default-uri" : "292a43cftrial-dev-incident-management-destinations.cfapps.us10-001.hana.ondemand.com",
    "default-url" : "https://292a43cftrial-dev-incident-management-destinations.cfapps.us10-001.hana.ondemand.com",
    "dependency-type" : "soft",
    "domain" : "cfapps.us10-001.hana.ondemand.com",
    "generated-password" : "********",
    "generated-user" : "********",
    "host" : "292a43cftrial-dev-incident-management-destinations",
    "instances" : 1,
    "protocol" : "https"
  },
  "requiredDependencies" : [ {
    "majorSchemaVersion" : 3,
    "name" : "********",
    "properties" : { },
    "parameters" : {
      "service-key" : "********"
    },
    "propertiesMetadata" : {
      "metadata" : { }
    },
    "parametersMetadata" : {
      "metadata" : { }
    }
  }, {
    "majorSchemaVersion" : 3,
    "name" : "incident-management-html5-repo-host",
    "properties" : { },
    "parameters" : {
      "service-key" : "********"
    },
    "propertiesMetadata" : {
      "metadata" : { }
    },
    "parametersMetadata" : {
      "metadata" : { }
    }
  }, {
    "majorSchemaVersion" : 3,
    "name" : "srv-api",
    "properties" : { },
    "parameters" : { },
    "propertiesMetadata" : {
      "metadata" : { }
    },
    "parametersMetadata" : {
      "metadata" : { }
    }
  }, {
    "majorSchemaVersion" : 3,
    "name" : "incident-management-destination",
    "properties" : { },
    "parameters" : {
      "content-target" : true
    },
    "propertiesMetadata" : {
      "metadata" : { }
    },
    "parametersMetadata" : {
      "metadata" : { }
    }
  } ],
  "providedDependencies" : [ {
    "majorSchemaVersion" : 3,
    "name" : "incident-management-destinations",
    "isPublic" : false,
    "properties" : { },
    "parameters" : { },
    "propertiesMetadata" : {
      "metadata" : { }
    },
    "parametersMetadata" : {
      "metadata" : { }
    }
  } ],
  "propertiesMetadata" : {
    "metadata" : { }
  },
  "parametersMetadata" : {
    "metadata" : { }
  },
  "deployedAfter" : [ ],
  "hooks" : [ ]
} ]#
#2026 08 16 17:45:02.412#Z#DEBUG#2fac7300-999a-11f1-891d-eeee0a87b8c8.OPERATION#flowable-async-job-executor-thread-20581#
Step "Compute Next Modules To Deploy" finished#
#2026 08 16 17:45:02.538#Z#DEBUG#2fac7300-999a-11f1-891d-eeee0a87b8c8.OPERATION#flowable-async-job-executor-thread-20581#
[ProcessDescriptorStep] Executing task "reprocessDescriptorTask" of process "35612ccc-999a-11f1-b453-eeee0a9f8472"...#
#2026 08 16 17:45:02.539#Z#DEBUG#2fac7300-999a-11f1-891d-eeee0a87b8c8.OPERATION#flowable-async-job-executor-thread-20581#
[ProcessDescriptorStep] Resolving properties and parameters in merged descriptor...#
#2026 08 16 17:45:02.545#Z#DEBUG#2fac7300-999a-11f1-891d-eeee0a87b8c8.OPERATION#flowable-async-job-executor-thread-20581#
[ProcessDescriptorStep] Subscriptions: [ ]#
#2026 08 16 17:45:02.551#Z#DEBUG#2fac7300-999a-11f1-891d-eeee0a87b8c8.OPERATION#flowable-async-job-executor-thread-20581#
[ProcessDescriptorStep] MTA modules: [incident-management-app-deployer, incident-management-db-deployer, incident-management-srv, incident-management-destinations]#
#2026 08 16 17:45:02.555#Z#DEBUG#2fac7300-999a-11f1-891d-eeee0a87b8c8.OPERATION#flowable-async-job-executor-thread-20581#
[ProcessDescriptorStep] Resolved deployment descriptor: {
  "majorSchemaVersion" : 3,
  "schemaVersion" : "3.3.0",
  "id" : "incident-management",
  "version" : "1.0.0",
  "modules" : [ {
    "majorSchemaVersion" : 3,
    "name" : "incident-management-srv",
    "type" : "javascript.nodejs",
    "path" : "incident-management-srv",
    "properties" : { },
    "parameters" : {
      "default-url" : "https://292a43cftrial-dev-incident-management-srv.cfapps.us10-001.hana.ondemand.com",
      "default-app-name" : "incident-management-srv",
      "generated-password" : "********",
      "default-live-url" : "https://292a43cftrial-dev-incident-management-srv.cfapps.us10-001.hana.ondemand.com",
      "default-uri" : "292a43cftrial-dev-incident-management-srv.cfapps.us10-001.hana.ondemand.com",
      "default-instances" : 1,
      "default-live-host" : "292a43cftrial-dev-incident-management-srv",
      "instances" : 1,
      "buildpack" : "nodejs_buildpack",
      "default-host" : "292a43cftrial-dev-incident-management-srv",
      "app-name" : "incident-management-srv",
      "default-live-uri" : "292a43cftrial-dev-incident-management-srv.cfapps.us10-001.hana.ondemand.com",
      "protocol" : "https",
      "default-live-app-name" : "incident-management-srv",
      "default-live-domain" : "cfapps.us10-001.hana.ondemand.com",
      "domain" : "cfapps.us10-001.hana.ondemand.com",
      "host" : "292a43cftrial-dev-incident-management-srv",
      "generated-user" : "********"
    },
    "requiredDependencies" : [ {
      "majorSchemaVersion" : 3,
      "name" : "********",
      "properties" : { },
      "parameters" : { },
      "propertiesMetadata" : {
        "metadata" : { }
      },
      "parametersMetadata" : {
        "metadata" : { }
      }
    }, {
      "majorSchemaVersion" : 3,
      "name" : "incident-management-db",
      "properties" : { },
      "parameters" : { },
      "propertiesMetadata" : {
        "metadata" : { }
      },
      "parametersMetadata" : {
        "metadata" : { }
      }
    }, {
      "majorSchemaVersion" : 3,
      "name" : "incident-management-destination",
      "properties" : { },
      "parameters" : { },
      "propertiesMetadata" : {
        "metadata" : { }
      },
      "parametersMetadata" : {
        "metadata" : { }
      }
    } ],
    "providedDependencies" : [ {
      "majorSchemaVersion" : 3,
      "name" : "srv-api",
      "isPublic" : false,
      "properties" : {
        "srv-url" : "https://292a43cftrial-dev-incident-management-srv.cfapps.us10-001.hana.ondemand.com"
      },
      "parameters" : { },
      "propertiesMetadata" : {
        "metadata" : { }
      },
      "parametersMetadata" : {
        "metadata" : { }
      }
    }, {
      "majorSchemaVersion" : 3,
      "name" : "incident-management-srv",
      "isPublic" : false,
      "properties" : { },
      "parameters" : { },
      "propertiesMetadata" : {
        "metadata" : { }
      },
      "parametersMetadata" : {
        "metadata" : { }
      }
    } ],
    "propertiesMetadata" : {
      "metadata" : { }
    },
    "parametersMetadata" : {
      "metadata" : { }
    },
    "hooks" : [ ]
  }, {
    "majorSchemaVersion" : 3,
    "name" : "incident-management-db-deployer",
    "type" : "com.sap.xs.hdi",
    "path" : "incident-management-db-deployer",
    "properties" : {
      "EXIT" : 1
    },
    "parameters" : {
      "default-url" : "https://292a43cftrial-dev-incident-management-db-deployer.cfapps.us10-001.hana.ondemand.com",
      "default-app-name" : "incident-management-db-deployer",
      "generated-password" : "********",
      "default-live-url" : "https://292a43cftrial-dev-incident-management-db-deployer.cfapps.us10-001.hana.ondemand.com",
      "default-uri" : "292a43cftrial-dev-incident-management-db-deployer.cfapps.us10-001.hana.ondemand.com",
      "memory" : "256M",
      "default-instances" : 1,
      "no-route" : true,
      "default-live-host" : "292a43cftrial-dev-incident-management-db-deployer",
      "instances" : 1,
      "buildpack" : "nodejs_buildpack",
      "default-host" : "292a43cftrial-dev-incident-management-db-deployer",
      "app-name" : "incident-management-db-deployer",
      "default-live-uri" : "292a43cftrial-dev-incident-management-db-deployer.cfapps.us10-001.hana.ondemand.com",
      "protocol" : "https",
      "default-live-app-name" : "incident-management-db-deployer",
      "default-live-domain" : "cfapps.us10-001.hana.ondemand.com",
      "dependency-type" : "hard",
      "domain" : "cfapps.us10-001.hana.ondemand.com",
      "host" : "292a43cftrial-dev-incident-management-db-deployer",
      "generated-user" : "********",
      "tasks" : [ {
        "command" : "npm start",
        "memory" : "256M",
        "name" : "deploy"
      } ],
      "no-start" : true
    },
    "requiredDependencies" : [ {
      "majorSchemaVersion" : 3,
      "name" : "incident-management-db",
      "properties" : { },
      "parameters" : { },
      "propertiesMetadata" : {
        "metadata" : { }
      },
      "parametersMetadata" : {
        "metadata" : { }
      }
    } ],
    "providedDependencies" : [ {
      "majorSchemaVersion" : 3,
      "name" : "incident-management-db-deployer",
      "isPublic" : false,
      "properties" : { },
      "parameters" : { },
      "propertiesMetadata" : {
        "metadata" : { }
      },
      "parametersMetadata" : {
        "metadata" : { }
      }
    } ],
    "propertiesMetadata" : {
      "metadata" : { }
    },
    "parametersMetadata" : {
      "metadata" : { }
    },
    "hooks" : [ ]
  }, {
    "majorSchemaVersion" : 3,
    "name" : "incident-management-app-deployer",
    "type" : "com.sap.application.content",
    "path" : "incident-management-app-deployer",
    "properties" : { },
    "parameters" : {
      "default-url" : "https://292a43cftrial-dev-incident-management-app-deployer.cfapps.us10-001.hana.ondemand.com",
      "default-app-name" : "incident-management-app-deployer",
      "generated-password" : "********",
      "default-live-url" : "https://292a43cftrial-dev-incident-management-app-deployer.cfapps.us10-001.hana.ondemand.com",
      "default-uri" : "292a43cftrial-dev-incident-management-app-deployer.cfapps.us10-001.hana.ondemand.com",
      "default-instances" : 1,
      "default-live-host" : "292a43cftrial-dev-incident-management-app-deployer",
      "instances" : 1,
      "default-host" : "292a43cftrial-dev-incident-management-app-deployer",
      "app-name" : "incident-management-app-deployer",
      "default-live-uri" : "292a43cftrial-dev-incident-management-app-deployer.cfapps.us10-001.hana.ondemand.com",
      "protocol" : "https",
      "default-live-app-name" : "incident-management-app-deployer",
      "default-live-domain" : "cfapps.us10-001.hana.ondemand.com",
      "domain" : "cfapps.us10-001.hana.ondemand.com",
      "host" : "292a43cftrial-dev-incident-management-app-deployer",
      "generated-user" : "********",
      "config" : {
        "destinations" : [ {
          "Authentication" : "********",
          "HTML5.DynamicDestination" : true,
          "HTML5.ForwardAuthToken" : "********",
          "Name" : "srv-api",
          "ProxyType" : "Internet",
          "Type" : "HTTP",
          "URL" : "https://292a43cftrial-dev-incident-management-srv.cfapps.us10-001.hana.ondemand.com"
        } ]
      }
    },
    "requiredDependencies" : [ {
      "majorSchemaVersion" : 3,
      "name" : "********",
      "properties" : { },
      "parameters" : { },
      "propertiesMetadata" : {
        "metadata" : { }
      },
      "parametersMetadata" : {
        "metadata" : { }
      }
    }, {
      "majorSchemaVersion" : 3,
      "name" : "srv-api",
      "properties" : { },
      "parameters" : { },
      "propertiesMetadata" : {
        "metadata" : { }
      },
      "parametersMetadata" : {
        "metadata" : { }
      }
    }, {
      "majorSchemaVersion" : 3,
      "name" : "incident-management-html5-repo-host",
      "properties" : { },
      "parameters" : {
        "config" : {
          "HTML5Runtime_enabled" : true
        },
        "content-target" : true
      },
      "propertiesMetadata" : {
        "metadata" : { }
      },
      "parametersMetadata" : {
        "metadata" : { }
      }
    } ],
    "providedDependencies" : [ {
      "majorSchemaVersion" : 3,
      "name" : "incident-management-app-deployer",
      "isPublic" : false,
      "properties" : { },
      "parameters" : { },
      "propertiesMetadata" : {
        "metadata" : { }
      },
      "parametersMetadata" : {
        "metadata" : { }
      }
    } ],
    "propertiesMetadata" : {
      "metadata" : { }
    },
    "parametersMetadata" : {
      "metadata" : { }
    },
    "hooks" : [ ]
  }, {
    "majorSchemaVersion" : 3,
    "name" : "incident-management-destinations",
    "type" : "com.sap.application.content",
    "properties" : { },
    "parameters" : {
      "default-url" : "https://292a43cftrial-dev-incident-management-destinations.cfapps.us10-001.hana.ondemand.com",
      "default-app-name" : "incident-management-destinations",
      "generated-password" : "********",
      "default-live-url" : "https://292a43cftrial-dev-incident-management-destinations.cfapps.us10-001.hana.ondemand.com",
      "default-uri" : "292a43cftrial-dev-incident-management-destinations.cfapps.us10-001.hana.ondemand.com",
      "default-instances" : 1,
      "default-live-host" : "292a43cftrial-dev-incident-management-destinations",
      "instances" : 1,
      "default-host" : "292a43cftrial-dev-incident-management-destinations",
      "content" : {
        "instance" : {
          "destinations" : [ {
            "Authentication" : "********",
            "Name" : "********",
            "ServiceInstanceName" : "********",
            "ServiceKeyName" : "********",
            "sap.cloud.service" : "incidentmanagement.service"
          } ],
          "existing_destinations_policy" : "update"
        },
        "subaccount" : {
          "destinations" : [ {
            "Name" : "incident-management-html5-repository",
            "ServiceInstanceName" : "incident-management-html5-repo-host",
            "ServiceKeyName" : "********",
            "sap.cloud.service" : "incidentmanagement.service"
          } ],
          "existing_destinations_policy" : "update"
        }
      },
      "app-name" : "incident-management-destinations",
      "default-live-uri" : "292a43cftrial-dev-incident-management-destinations.cfapps.us10-001.hana.ondemand.com",
      "protocol" : "https",
      "default-live-app-name" : "incident-management-destinations",
      "default-live-domain" : "cfapps.us10-001.hana.ondemand.com",
      "domain" : "cfapps.us10-001.hana.ondemand.com",
      "host" : "292a43cftrial-dev-incident-management-destinations",
      "generated-user" : "********"
    },
    "requiredDependencies" : [ {
      "majorSchemaVersion" : 3,
      "name" : "********",
      "properties" : { },
      "parameters" : {
        "service-key" : "********"
      },
      "propertiesMetadata" : {
        "metadata" : { }
      },
      "parametersMetadata" : {
        "metadata" : { }
      }
    }, {
      "majorSchemaVersion" : 3,
      "name" : "incident-management-html5-repo-host",
      "properties" : { },
      "parameters" : {
        "service-key" : "********"
      },
      "propertiesMetadata" : {
        "metadata" : { }
      },
      "parametersMetadata" : {
        "metadata" : { }
      }
    }, {
      "majorSchemaVersion" : 3,
      "name" : "srv-api",
      "properties" : { },
      "parameters" : { },
      "propertiesMetadata" : {
        "metadata" : { }
      },
      "parametersMetadata" : {
        "metadata" : { }
      }
    }, {
      "majorSchemaVersion" : 3,
      "name" : "incident-management-destination",
      "properties" : { },
      "parameters" : {
        "content-target" : true
      },
      "propertiesMetadata" : {
        "metadata" : { }
      },
      "parametersMetadata" : {
        "metadata" : { }
      }
    } ],
    "providedDependencies" : [ {
      "majorSchemaVersion" : 3,
      "name" : "incident-management-destinations",
      "isPublic" : false,
      "properties" : { },
      "parameters" : { },
      "propertiesMetadata" : {
        "metadata" : { }
      },
      "parametersMetadata" : {
        "metadata" : { }
      }
    } ],
    "propertiesMetadata" : {
      "metadata" : { }
    },
    "parametersMetadata" : {
      "metadata" : { }
    },
    "hooks" : [ ]
  } ],
  "resources" : [ {
    "majorSchemaVersion" : 3,
    "name" : "********",
    "type" : "org.cloudfoundry.managed-service",
    "properties" : { },
    "parameters" : {
      "generated-password" : "********",
      "path" : "./xs-security.json",
      "service-name" : "********",
      "service-plan" : "application",
      "service" : "xsuaa",
      "generated-user" : "********",
      "default-xsappname" : "********",
      "type" : "managed-service",
      "config" : {
        "oauth2-configuration" : "********",
        "role-collections" : [ {
          "description" : "generated",
          "name" : "support (incident-management 292a43cftrial-dev)",
          "role-template-references" : [ "$XSAPPNAME.support" ]
        }, {
          "description" : "generated",
          "name" : "admin (incident-management 292a43cftrial-dev)",
          "role-template-references" : [ "$XSAPPNAME.admin" ]
        } ],
        "tenant-mode" : "dedicated",
        "xsappname" : "incident-management-292a43cftrial-dev"
      },
      "default-service-name" : "********",
      "default-container-name" : "********"
    },
    "isActive" : true,
    "isOptional" : false,
    "propertiesMetadata" : {
      "metadata" : { }
    },
    "parametersMetadata" : {
      "metadata" : { }
    },
    "requiredDependencies" : [ ],
    "processedAfter" : [ ]
  }, {
    "majorSchemaVersion" : 3,
    "name" : "incident-management-db",
    "type" : "com.sap.xs.hdi-container",
    "properties" : { },
    "parameters" : {
      "generated-password" : "********",
      "service-name" : "incident-management-db",
      "service-plan" : "hdi-shared",
      "service" : "hana",
      "generated-user" : "********",
      "default-xsappname" : "incident-management-db",
      "type" : "managed-service",
      "default-service-name" : "incident-management-db",
      "default-container-name" : "292A43CFTRIAL_DEV_INCIDENT_MANAGEMENT_DB"
    },
    "isActive" : true,
    "isOptional" : false,
    "propertiesMetadata" : {
      "metadata" : { }
    },
    "parametersMetadata" : {
      "metadata" : { }
    },
    "requiredDependencies" : [ ],
    "processedAfter" : [ ]
  }, {
    "majorSchemaVersion" : 3,
    "name" : "incident-management-destination",
    "type" : "org.cloudfoundry.managed-service",
    "properties" : { },
    "parameters" : {
      "generated-password" : "********",
      "service-name" : "incident-management-destination",
      "service-plan" : "lite",
      "service" : "destination",
      "generated-user" : "********",
      "default-xsappname" : "incident-management-destination",
      "type" : "managed-service",
      "default-service-name" : "incident-management-destination",
      "default-container-name" : "292A43CFTRIAL_DEV_INCIDENT_MANAGEMENT_DESTINATION"
    },
    "isActive" : true,
    "isOptional" : false,
    "propertiesMetadata" : {
      "metadata" : { }
    },
    "parametersMetadata" : {
      "metadata" : { }
    },
    "requiredDependencies" : [ {
      "majorSchemaVersion" : 3,
      "name" : "srv-api",
      "properties" : { },
      "parameters" : { },
      "propertiesMetadata" : {
        "metadata" : { }
      },
      "parametersMetadata" : {
        "metadata" : { }
      }
    } ],
    "processedAfter" : [ ]
  }, {
    "majorSchemaVersion" : 3,
    "name" : "incident-management-html5-repo-host",
    "type" : "org.cloudfoundry.managed-service",
    "properties" : { },
    "parameters" : {
      "generated-password" : "********",
      "service-name" : "incident-management-html5-repo-host",
      "service-plan" : "app-host",
      "service" : "html5-apps-repo",
      "generated-user" : "********",
      "default-xsappname" : "incident-management-html5-repo-host",
      "type" : "managed-service",
      "default-service-name" : "incident-management-html5-repo-host",
      "default-container-name" : "292A43CFTRIAL_DEV_INCIDENT_MANAGEMENT_HTML5_REPO_HOST"
    },
    "isActive" : true,
    "isOptional" : false,
    "propertiesMetadata" : {
      "metadata" : { }
    },
    "parametersMetadata" : {
      "metadata" : { }
    },
    "requiredDependencies" : [ ],
    "processedAfter" : [ ]
  } ],
  "parameters" : {
    "deploy_mode" : "html5-repo",
    "mta-id" : "incident-management",
    "authorization-url" : "********",
    "org-guid" : "0012e3ea-1611-4964-86eb-9c84cacff8bb",
    "org" : "292a43cftrial",
    "deploy-target" : "292a43cftrial dev",
    "enable-parallel-deployments" : true,
    "region-primary-domain" : "us10.hana.ondemand.com",
    "space" : "dev",
    "region-domain" : "us10-001.hana.ondemand.com",
    "xs-api-url" : "https://api.cf.us10-001.hana.ondemand.com",
    "deploy-url" : "deploy-service.cfapps.us10-001.hana.ondemand.com",
    "xs-type" : "CF",
    "default-domain" : "cfapps.us10-001.hana.ondemand.com",
    "mta-version" : "1.0.0",
    "xs-auth-url" : "********",
    "space-guid" : "f45e1bdb-ffb6-4131-81a7-6fdf00ff09b9",
    "user" : "********",
    "controller-url" : "https://api.cf.us10-001.hana.ondemand.com",
    "timestamp" : "20260816174452"
  },
  "parametersMetadata" : {
    "metadata" : { }
  }
}#
#2026 08 16 17:45:02.555#Z#DEBUG#2fac7300-999a-11f1-891d-eeee0a87b8c8.OPERATION#flowable-async-job-executor-thread-20581#
[ProcessDescriptorStep] Merged descriptor properties and parameters resolved#
#2026 08 16 17:45:02.555#Z#DEBUG#2fac7300-999a-11f1-891d-eeee0a87b8c8.OPERATION#flowable-async-job-executor-thread-20581#
Step "Re-Process Descriptor Step" finished#
#2026 08 16 17:45:02.581#Z#DEBUG#2fac7300-999a-11f1-891d-eeee0a87b8c8.OPERATION#flowable-async-job-executor-thread-20581#
[BuildApplicationDeployModelStep] Executing task "buildApplicationDeployModelTask" of process "35612ccc-999a-11f1-b453-eeee0a9f8472"...#
#2026 08 16 17:45:02.583#Z#DEBUG#2fac7300-999a-11f1-891d-eeee0a87b8c8.OPERATION#flowable-async-job-executor-thread-20581#
[BuildApplicationDeployModelStep] Building cloud deployment model for application "incident-management-srv"...#
#2026 08 16 17:45:02.588#Z#DEBUG#2fac7300-999a-11f1-891d-eeee0a87b8c8.OPERATION#flowable-async-job-executor-thread-20581#
[BuildApplicationDeployModelStep] No health-check-type is specified. Setting default type: port#
#2026 08 16 17:45:02.589#Z#INFO#2fac7300-999a-11f1-891d-eeee0a87b8c8.OPERATION#flowable-async-job-executor-thread-20581#
[BuildApplicationDeployModelStep] Building configuration entries for org 292a43cftrial, space dev, spaceId f45e1bdb-ffb6-4131-81a7-6fdf00ff09b9 and namespace null!#
#2026 08 16 17:45:02.589#Z#DEBUG#2fac7300-999a-11f1-891d-eeee0a87b8c8.OPERATION#flowable-async-job-executor-thread-20581#
[BuildApplicationDeployModelStep] Configuration entries to publish: [ ]#
#2026 08 16 17:45:02.589#Z#DEBUG#2fac7300-999a-11f1-891d-eeee0a87b8c8.OPERATION#flowable-async-job-executor-thread-20581#
[BuildApplicationDeployModelStep] Cloud deployment model for application built#
#2026 08 16 17:45:02.589#Z#DEBUG#2fac7300-999a-11f1-891d-eeee0a87b8c8.OPERATION#flowable-async-job-executor-thread-20581#
Step "Build Application Deploy Model" finished#
#2026 08 16 17:45:02.800#Z#DEBUG#2fac7300-999a-11f1-891d-eeee0a87b8c8.OPERATION#flowable-async-job-executor-thread-7668#
[ProcessDescriptorStep] Executing task "reprocessDescriptorTask" of process "3584e122-999a-11f1-9b02-eeee0a83383d"...#
#2026 08 16 17:45:02.801#Z#DEBUG#2fac7300-999a-11f1-891d-eeee0a87b8c8.OPERATION#flowable-async-job-executor-thread-7668#
[ProcessDescriptorStep] Resolving properties and parameters in merged descriptor...#
#2026 08 16 17:45:02.808#Z#DEBUG#2fac7300-999a-11f1-891d-eeee0a87b8c8.OPERATION#flowable-async-job-executor-thread-7668#
[ProcessDescriptorStep] Subscriptions: [ ]#
#2026 08 16 17:45:02.818#Z#DEBUG#2fac7300-999a-11f1-891d-eeee0a87b8c8.OPERATION#flowable-async-job-executor-thread-7668#
[ProcessDescriptorStep] MTA modules: [incident-management-app-deployer, incident-management-db-deployer, incident-management-srv, incident-management-destinations]#
#2026 08 16 17:45:02.823#Z#DEBUG#2fac7300-999a-11f1-891d-eeee0a87b8c8.OPERATION#flowable-async-job-executor-thread-7668#
[ProcessDescriptorStep] Resolved deployment descriptor: {
  "majorSchemaVersion" : 3,
  "schemaVersion" : "3.3.0",
  "id" : "incident-management",
  "version" : "1.0.0",
  "modules" : [ {
    "majorSchemaVersion" : 3,
    "name" : "incident-management-srv",
    "type" : "javascript.nodejs",
    "path" : "incident-management-srv",
    "properties" : { },
    "parameters" : {
      "default-url" : "https://292a43cftrial-dev-incident-management-srv.cfapps.us10-001.hana.ondemand.com",
      "default-app-name" : "incident-management-srv",
      "generated-password" : "********",
      "default-live-url" : "https://292a43cftrial-dev-incident-management-srv.cfapps.us10-001.hana.ondemand.com",
      "default-uri" : "292a43cftrial-dev-incident-management-srv.cfapps.us10-001.hana.ondemand.com",
      "default-instances" : 1,
      "default-live-host" : "292a43cftrial-dev-incident-management-srv",
      "instances" : 1,
      "buildpack" : "nodejs_buildpack",
      "default-host" : "292a43cftrial-dev-incident-management-srv",
      "app-name" : "incident-management-srv",
      "default-live-uri" : "292a43cftrial-dev-incident-management-srv.cfapps.us10-001.hana.ondemand.com",
      "protocol" : "https",
      "default-live-app-name" : "incident-management-srv",
      "default-live-domain" : "cfapps.us10-001.hana.ondemand.com",
      "domain" : "cfapps.us10-001.hana.ondemand.com",
      "host" : "292a43cftrial-dev-incident-management-srv",
      "generated-user" : "********"
    },
    "requiredDependencies" : [ {
      "majorSchemaVersion" : 3,
      "name" : "********",
      "properties" : { },
      "parameters" : { },
      "propertiesMetadata" : {
        "metadata" : { }
      },
      "parametersMetadata" : {
        "metadata" : { }
      }
    }, {
      "majorSchemaVersion" : 3,
      "name" : "incident-management-db",
      "properties" : { },
      "parameters" : { },
      "propertiesMetadata" : {
        "metadata" : { }
      },
      "parametersMetadata" : {
        "metadata" : { }
      }
    }, {
      "majorSchemaVersion" : 3,
      "name" : "incident-management-destination",
      "properties" : { },
      "parameters" : { },
      "propertiesMetadata" : {
        "metadata" : { }
      },
      "parametersMetadata" : {
        "metadata" : { }
      }
    } ],
    "providedDependencies" : [ {
      "majorSchemaVersion" : 3,
      "name" : "srv-api",
      "isPublic" : false,
      "properties" : {
        "srv-url" : "https://292a43cftrial-dev-incident-management-srv.cfapps.us10-001.hana.ondemand.com"
      },
      "parameters" : { },
      "propertiesMetadata" : {
        "metadata" : { }
      },
      "parametersMetadata" : {
        "metadata" : { }
      }
    }, {
      "majorSchemaVersion" : 3,
      "name" : "incident-management-srv",
      "isPublic" : false,
      "properties" : { },
      "parameters" : { },
      "propertiesMetadata" : {
        "metadata" : { }
      },
      "parametersMetadata" : {
        "metadata" : { }
      }
    } ],
    "propertiesMetadata" : {
      "metadata" : { }
    },
    "parametersMetadata" : {
      "metadata" : { }
    },
    "hooks" : [ ]
  }, {
    "majorSchemaVersion" : 3,
    "name" : "incident-management-db-deployer",
    "type" : "com.sap.xs.hdi",
    "path" : "incident-management-db-deployer",
    "properties" : {
      "EXIT" : 1
    },
    "parameters" : {
      "default-url" : "https://292a43cftrial-dev-incident-management-db-deployer.cfapps.us10-001.hana.ondemand.com",
      "default-app-name" : "incident-management-db-deployer",
      "generated-password" : "********",
      "default-live-url" : "https://292a43cftrial-dev-incident-management-db-deployer.cfapps.us10-001.hana.ondemand.com",
      "default-uri" : "292a43cftrial-dev-incident-management-db-deployer.cfapps.us10-001.hana.ondemand.com",
      "memory" : "256M",
      "default-instances" : 1,
      "no-route" : true,
      "default-live-host" : "292a43cftrial-dev-incident-management-db-deployer",
      "instances" : 1,
      "buildpack" : "nodejs_buildpack",
      "default-host" : "292a43cftrial-dev-incident-management-db-deployer",
      "app-name" : "incident-management-db-deployer",
      "default-live-uri" : "292a43cftrial-dev-incident-management-db-deployer.cfapps.us10-001.hana.ondemand.com",
      "protocol" : "https",
      "default-live-app-name" : "incident-management-db-deployer",
      "default-live-domain" : "cfapps.us10-001.hana.ondemand.com",
      "dependency-type" : "hard",
      "domain" : "cfapps.us10-001.hana.ondemand.com",
      "host" : "292a43cftrial-dev-incident-management-db-deployer",
      "generated-user" : "********",
      "tasks" : [ {
        "command" : "npm start",
        "memory" : "256M",
        "name" : "deploy"
      } ],
      "no-start" : true
    },
    "requiredDependencies" : [ {
      "majorSchemaVersion" : 3,
      "name" : "incident-management-db",
      "properties" : { },
      "parameters" : { },
      "propertiesMetadata" : {
        "metadata" : { }
      },
      "parametersMetadata" : {
        "metadata" : { }
      }
    } ],
    "providedDependencies" : [ {
      "majorSchemaVersion" : 3,
      "name" : "incident-management-db-deployer",
      "isPublic" : false,
      "properties" : { },
      "parameters" : { },
      "propertiesMetadata" : {
        "metadata" : { }
      },
      "parametersMetadata" : {
        "metadata" : { }
      }
    } ],
    "propertiesMetadata" : {
      "metadata" : { }
    },
    "parametersMetadata" : {
      "metadata" : { }
    },
    "hooks" : [ ]
  }, {
    "majorSchemaVersion" : 3,
    "name" : "incident-management-app-deployer",
    "type" : "com.sap.application.content",
    "path" : "incident-management-app-deployer",
    "properties" : { },
    "parameters" : {
      "default-url" : "https://292a43cftrial-dev-incident-management-app-deployer.cfapps.us10-001.hana.ondemand.com",
      "default-app-name" : "incident-management-app-deployer",
      "generated-password" : "********",
      "default-live-url" : "https://292a43cftrial-dev-incident-management-app-deployer.cfapps.us10-001.hana.ondemand.com",
      "default-uri" : "292a43cftrial-dev-incident-management-app-deployer.cfapps.us10-001.hana.ondemand.com",
      "default-instances" : 1,
      "default-live-host" : "292a43cftrial-dev-incident-management-app-deployer",
      "instances" : 1,
      "default-host" : "292a43cftrial-dev-incident-management-app-deployer",
      "app-name" : "incident-management-app-deployer",
      "default-live-uri" : "292a43cftrial-dev-incident-management-app-deployer.cfapps.us10-001.hana.ondemand.com",
      "protocol" : "https",
      "default-live-app-name" : "incident-management-app-deployer",
      "default-live-domain" : "cfapps.us10-001.hana.ondemand.com",
      "domain" : "cfapps.us10-001.hana.ondemand.com",
      "host" : "292a43cftrial-dev-incident-management-app-deployer",
      "generated-user" : "********",
      "config" : {
        "destinations" : [ {
          "Authentication" : "********",
          "HTML5.DynamicDestination" : true,
          "HTML5.ForwardAuthToken" : "********",
          "Name" : "srv-api",
          "ProxyType" : "Internet",
          "Type" : "HTTP",
          "URL" : "https://292a43cftrial-dev-incident-management-srv.cfapps.us10-001.hana.ondemand.com"
        } ]
      }
    },
    "requiredDependencies" : [ {
      "majorSchemaVersion" : 3,
      "name" : "********",
      "properties" : { },
      "parameters" : { },
      "propertiesMetadata" : {
        "metadata" : { }
      },
      "parametersMetadata" : {
        "metadata" : { }
      }
    }, {
      "majorSchemaVersion" : 3,
      "name" : "srv-api",
      "properties" : { },
      "parameters" : { },
      "propertiesMetadata" : {
        "metadata" : { }
      },
      "parametersMetadata" : {
        "metadata" : { }
      }
    }, {
      "majorSchemaVersion" : 3,
      "name" : "incident-management-html5-repo-host",
      "properties" : { },
      "parameters" : {
        "config" : {
          "HTML5Runtime_enabled" : true
        },
        "content-target" : true
      },
      "propertiesMetadata" : {
        "metadata" : { }
      },
      "parametersMetadata" : {
        "metadata" : { }
      }
    } ],
    "providedDependencies" : [ {
      "majorSchemaVersion" : 3,
      "name" : "incident-management-app-deployer",
      "isPublic" : false,
      "properties" : { },
      "parameters" : { },
      "propertiesMetadata" : {
        "metadata" : { }
      },
      "parametersMetadata" : {
        "metadata" : { }
      }
    } ],
    "propertiesMetadata" : {
      "metadata" : { }
    },
    "parametersMetadata" : {
      "metadata" : { }
    },
    "hooks" : [ ]
  }, {
    "majorSchemaVersion" : 3,
    "name" : "incident-management-destinations",
    "type" : "com.sap.application.content",
    "properties" : { },
    "parameters" : {
      "default-url" : "https://292a43cftrial-dev-incident-management-destinations.cfapps.us10-001.hana.ondemand.com",
      "default-app-name" : "incident-management-destinations",
      "generated-password" : "********",
      "default-live-url" : "https://292a43cftrial-dev-incident-management-destinations.cfapps.us10-001.hana.ondemand.com",
      "default-uri" : "292a43cftrial-dev-incident-management-destinations.cfapps.us10-001.hana.ondemand.com",
      "default-instances" : 1,
      "default-live-host" : "292a43cftrial-dev-incident-management-destinations",
      "instances" : 1,
      "default-host" : "292a43cftrial-dev-incident-management-destinations",
      "content" : {
        "instance" : {
          "destinations" : [ {
            "Authentication" : "********",
            "Name" : "********",
            "ServiceInstanceName" : "********",
            "ServiceKeyName" : "********",
            "sap.cloud.service" : "incidentmanagement.service"
          } ],
          "existing_destinations_policy" : "update"
        },
        "subaccount" : {
          "destinations" : [ {
            "Name" : "incident-management-html5-repository",
            "ServiceInstanceName" : "incident-management-html5-repo-host",
            "ServiceKeyName" : "********",
            "sap.cloud.service" : "incidentmanagement.service"
          } ],
          "existing_destinations_policy" : "update"
        }
      },
      "app-name" : "incident-management-destinations",
      "default-live-uri" : "292a43cftrial-dev-incident-management-destinations.cfapps.us10-001.hana.ondemand.com",
      "protocol" : "https",
      "default-live-app-name" : "incident-management-destinations",
      "default-live-domain" : "cfapps.us10-001.hana.ondemand.com",
      "domain" : "cfapps.us10-001.hana.ondemand.com",
      "host" : "292a43cftrial-dev-incident-management-destinations",
      "generated-user" : "********"
    },
    "requiredDependencies" : [ {
      "majorSchemaVersion" : 3,
      "name" : "********",
      "properties" : { },
      "parameters" : {
        "service-key" : "********"
      },
      "propertiesMetadata" : {
        "metadata" : { }
      },
      "parametersMetadata" : {
        "metadata" : { }
      }
    }, {
      "majorSchemaVersion" : 3,
      "name" : "incident-management-html5-repo-host",
      "properties" : { },
      "parameters" : {
        "service-key" : "********"
      },
      "propertiesMetadata" : {
        "metadata" : { }
      },
      "parametersMetadata" : {
        "metadata" : { }
      }
    }, {
      "majorSchemaVersion" : 3,
      "name" : "srv-api",
      "properties" : { },
      "parameters" : { },
      "propertiesMetadata" : {
        "metadata" : { }
      },
      "parametersMetadata" : {
        "metadata" : { }
      }
    }, {
      "majorSchemaVersion" : 3,
      "name" : "incident-management-destination",
      "properties" : { },
      "parameters" : {
        "content-target" : true
      },
      "propertiesMetadata" : {
        "metadata" : { }
      },
      "parametersMetadata" : {
        "metadata" : { }
      }
    } ],
    "providedDependencies" : [ {
      "majorSchemaVersion" : 3,
      "name" : "incident-management-destinations",
      "isPublic" : false,
      "properties" : { },
      "parameters" : { },
      "propertiesMetadata" : {
        "metadata" : { }
      },
      "parametersMetadata" : {
        "metadata" : { }
      }
    } ],
    "propertiesMetadata" : {
      "metadata" : { }
    },
    "parametersMetadata" : {
      "metadata" : { }
    },
    "hooks" : [ ]
  } ],
  "resources" : [ {
    "majorSchemaVersion" : 3,
    "name" : "********",
    "type" : "org.cloudfoundry.managed-service",
    "properties" : { },
    "parameters" : {
      "generated-password" : "********",
      "path" : "./xs-security.json",
      "service-name" : "********",
      "service-plan" : "application",
      "service" : "xsuaa",
      "generated-user" : "********",
      "default-xsappname" : "********",
      "type" : "managed-service",
      "config" : {
        "oauth2-configuration" : "********",
        "role-collections" : [ {
          "description" : "generated",
          "name" : "support (incident-management 292a43cftrial-dev)",
          "role-template-references" : [ "$XSAPPNAME.support" ]
        }, {
          "description" : "generated",
          "name" : "admin (incident-management 292a43cftrial-dev)",
          "role-template-references" : [ "$XSAPPNAME.admin" ]
        } ],
        "tenant-mode" : "dedicated",
        "xsappname" : "incident-management-292a43cftrial-dev"
      },
      "default-service-name" : "********",
      "default-container-name" : "********"
    },
    "isActive" : true,
    "isOptional" : false,
    "propertiesMetadata" : {
      "metadata" : { }
    },
    "parametersMetadata" : {
      "metadata" : { }
    },
    "requiredDependencies" : [ ],
    "processedAfter" : [ ]
  }, {
    "majorSchemaVersion" : 3,
    "name" : "incident-management-db",
    "type" : "com.sap.xs.hdi-container",
    "properties" : { },
    "parameters" : {
      "generated-password" : "********",
      "service-name" : "incident-management-db",
      "service-plan" : "hdi-shared",
      "service" : "hana",
      "generated-user" : "********",
      "default-xsappname" : "incident-management-db",
      "type" : "managed-service",
      "default-service-name" : "incident-management-db",
      "default-container-name" : "292A43CFTRIAL_DEV_INCIDENT_MANAGEMENT_DB"
    },
    "isActive" : true,
    "isOptional" : false,
    "propertiesMetadata" : {
      "metadata" : { }
    },
    "parametersMetadata" : {
      "metadata" : { }
    },
    "requiredDependencies" : [ ],
    "processedAfter" : [ ]
  }, {
    "majorSchemaVersion" : 3,
    "name" : "incident-management-destination",
    "type" : "org.cloudfoundry.managed-service",
    "properties" : { },
    "parameters" : {
      "generated-password" : "********",
      "service-name" : "incident-management-destination",
      "service-plan" : "lite",
      "service" : "destination",
      "generated-user" : "********",
      "default-xsappname" : "incident-management-destination",
      "type" : "managed-service",
      "default-service-name" : "incident-management-destination",
      "default-container-name" : "292A43CFTRIAL_DEV_INCIDENT_MANAGEMENT_DESTINATION"
    },
    "isActive" : true,
    "isOptional" : false,
    "propertiesMetadata" : {
      "metadata" : { }
    },
    "parametersMetadata" : {
      "metadata" : { }
    },
    "requiredDependencies" : [ {
      "majorSchemaVersion" : 3,
      "name" : "srv-api",
      "properties" : { },
      "parameters" : { },
      "propertiesMetadata" : {
        "metadata" : { }
      },
      "parametersMetadata" : {
        "metadata" : { }
      }
    } ],
    "processedAfter" : [ ]
  }, {
    "majorSchemaVersion" : 3,
    "name" : "incident-management-html5-repo-host",
    "type" : "org.cloudfoundry.managed-service",
    "properties" : { },
    "parameters" : {
      "generated-password" : "********",
      "service-name" : "incident-management-html5-repo-host",
      "service-plan" : "app-host",
      "service" : "html5-apps-repo",
      "generated-user" : "********",
      "default-xsappname" : "incident-management-html5-repo-host",
      "type" : "managed-service",
      "default-service-name" : "incident-management-html5-repo-host",
      "default-container-name" : "292A43CFTRIAL_DEV_INCIDENT_MANAGEMENT_HTML5_REPO_HOST"
    },
    "isActive" : true,
    "isOptional" : false,
    "propertiesMetadata" : {
      "metadata" : { }
    },
    "parametersMetadata" : {
      "metadata" : { }
    },
    "requiredDependencies" : [ ],
    "processedAfter" : [ ]
  } ],
  "parameters" : {
    "deploy_mode" : "html5-repo",
    "mta-id" : "incident-management",
    "authorization-url" : "********",
    "org-guid" : "0012e3ea-1611-4964-86eb-9c84cacff8bb",
    "org" : "292a43cftrial",
    "deploy-target" : "292a43cftrial dev",
    "enable-parallel-deployments" : true,
    "region-primary-domain" : "us10.hana.ondemand.com",
    "space" : "dev",
    "region-domain" : "us10-001.hana.ondemand.com",
    "xs-api-url" : "https://api.cf.us10-001.hana.ondemand.com",
    "deploy-url" : "deploy-service.cfapps.us10-001.hana.ondemand.com",
    "xs-type" : "CF",
    "default-domain" : "cfapps.us10-001.hana.ondemand.com",
    "mta-version" : "1.0.0",
    "xs-auth-url" : "********",
    "space-guid" : "f45e1bdb-ffb6-4131-81a7-6fdf00ff09b9",
    "user" : "********",
    "controller-url" : "https://api.cf.us10-001.hana.ondemand.com",
    "timestamp" : "20260816174452"
  },
  "parametersMetadata" : {
    "metadata" : { }
  }
}#
#2026 08 16 17:45:02.823#Z#DEBUG#2fac7300-999a-11f1-891d-eeee0a87b8c8.OPERATION#flowable-async-job-executor-thread-7668#
[ProcessDescriptorStep] Merged descriptor properties and parameters resolved#
#2026 08 16 17:45:02.823#Z#DEBUG#2fac7300-999a-11f1-891d-eeee0a87b8c8.OPERATION#flowable-async-job-executor-thread-7668#
Step "Re-Process Descriptor Step" finished#
#2026 08 16 17:45:02.866#Z#DEBUG#2fac7300-999a-11f1-891d-eeee0a87b8c8.OPERATION#flowable-async-job-executor-thread-7669#
[BuildApplicationDeployModelStep] Executing task "buildApplicationDeployModelTask" of process "3584e122-999a-11f1-9b02-eeee0a83383d"...#
#2026 08 16 17:45:02.870#Z#DEBUG#2fac7300-999a-11f1-891d-eeee0a87b8c8.OPERATION#flowable-async-job-executor-thread-7669#
[BuildApplicationDeployModelStep] Building cloud deployment model for application "incident-management-db-deployer"...#
#2026 08 16 17:45:02.955#Z#DEBUG#2fac7300-999a-11f1-891d-eeee0a87b8c8.OPERATION#flowable-async-job-executor-thread-7669#
[BuildApplicationDeployModelStep] No health-check-type is specified. Setting default type: port#
#2026 08 16 17:45:02.956#Z#INFO#2fac7300-999a-11f1-891d-eeee0a87b8c8.OPERATION#flowable-async-job-executor-thread-7669#
[BuildApplicationDeployModelStep] Building configuration entries for org 292a43cftrial, space dev, spaceId f45e1bdb-ffb6-4131-81a7-6fdf00ff09b9 and namespace null!#
#2026 08 16 17:45:02.957#Z#DEBUG#2fac7300-999a-11f1-891d-eeee0a87b8c8.OPERATION#flowable-async-job-executor-thread-7669#
[BuildApplicationDeployModelStep] Configuration entries to publish: [ ]#
#2026 08 16 17:45:02.957#Z#DEBUG#2fac7300-999a-11f1-891d-eeee0a87b8c8.OPERATION#flowable-async-job-executor-thread-7669#
[BuildApplicationDeployModelStep] Cloud deployment model for application built#
#2026 08 16 17:45:02.957#Z#DEBUG#2fac7300-999a-11f1-891d-eeee0a87b8c8.OPERATION#flowable-async-job-executor-thread-7669#
Step "Build Application Deploy Model" finished#
#2026 08 16 17:45:02.620#Z#DEBUG#2fac7300-999a-11f1-891d-eeee0a87b8c8.OPERATION#flowable-async-job-executor-thread-20581#
[CreateOrUpdateAppStep] Executing task "createAppTask" of process "35612ccc-999a-11f1-b453-eeee0a9f8472"...#
#2026 08 16 17:45:02.621#Z#DEBUG#2fac7300-999a-11f1-891d-eeee0a87b8c8.OPERATION#flowable-async-job-executor-thread-20581#
[CreateOrUpdateAppStep] Getting application "incident-management-srv"...#
#2026 08 16 17:45:02.657#Z#INFO#2fac7300-999a-11f1-891d-eeee0a87b8c8.OPERATION#flowable-async-job-executor-thread-20581#
[CreateOrUpdateAppStep] Updating application "incident-management-srv"...#
#2026 08 16 17:45:02.663#Z#DEBUG#2fac7300-999a-11f1-891d-eeee0a87b8c8.OPERATION#flowable-async-job-executor-thread-20581#
[CreateOrUpdateAppStep] Getting process for application "ad51bc3f-a511-452b-a243-a2bc40511ef0"...#
#2026 08 16 17:45:02.696#Z#DEBUG#2fac7300-999a-11f1-891d-eeee0a87b8c8.OPERATION#flowable-async-job-executor-thread-20581#
[CreateOrUpdateAppStep] Getting routes for application "ad51bc3f-a511-452b-a243-a2bc40511ef0"...#
#2026 08 16 17:45:02.732#Z#DEBUG#2fac7300-999a-11f1-891d-eeee0a87b8c8.OPERATION#flowable-async-job-executor-thread-20581#
[CreateOrUpdateAppStep] Getting features for application "ad51bc3f-a511-452b-a243-a2bc40511ef0"#
#2026 08 16 17:45:02.757#Z#DEBUG#2fac7300-999a-11f1-891d-eeee0a87b8c8.OPERATION#flowable-async-job-executor-thread-20581#
[CreateOrUpdateAppStep] Updating staging of application "incident-management-srv" to: {
  "buildpacks" : [ "nodejs_buildpack" ],
  "healthCheckType" : "port",
  "appFeatures" : { }
}#
#2026 08 16 17:45:02.951#Z#DEBUG#2fac7300-999a-11f1-891d-eeee0a87b8c8.OPERATION#flowable-async-job-executor-thread-20581#
[CreateOrUpdateAppStep] Application "incident-management-srv" updated#
#2026 08 16 17:45:02.951#Z#DEBUG#2fac7300-999a-11f1-891d-eeee0a87b8c8.OPERATION#flowable-async-job-executor-thread-20581#
[CreateOrUpdateAppStep] Getting environment of application "ad51bc3f-a511-452b-a243-a2bc40511ef0"...#
#2026 08 16 17:45:03.023#Z#DEBUG#2fac7300-999a-11f1-891d-eeee0a87b8c8.OPERATION#flowable-async-job-executor-thread-20581#
[CreateOrUpdateAppStep] Application "incident-management-srv" updated#
#2026 08 16 17:45:03.023#Z#DEBUG#2fac7300-999a-11f1-891d-eeee0a87b8c8.OPERATION#flowable-async-job-executor-thread-20581#
Step "Create App" finished#
#2026 08 16 17:45:03.098#Z#DEBUG#2fac7300-999a-11f1-891d-eeee0a87b8c8.OPERATION#flowable-async-job-executor-thread-20577#
[CheckServiceBindingOperationStep] Executing task "checkForServiceBindingOperationInProgress" of process "35bb3320-999a-11f1-b453-eeee0a9f8472"...#
#2026 08 16 17:45:03.098#Z#DEBUG#2fac7300-999a-11f1-891d-eeee0a87b8c8.OPERATION#flowable-async-job-executor-thread-20577#
[CheckServiceBindingOperationStep] Checking for service binding operation in progress between app "incident-management-srv" and service instance "incident-management-db"#
#2026 08 16 17:45:03.099#Z#DEBUG#2fac7300-999a-11f1-891d-eeee0a87b8c8.OPERATION#flowable-async-job-executor-thread-20577#
[CheckServiceBindingOperationStep] Getting application guid "incident-management-srv"...#
#2026 08 16 17:45:03.132#Z#DEBUG#2fac7300-999a-11f1-891d-eeee0a87b8c8.OPERATION#flowable-async-job-executor-thread-20577#
[CheckServiceBindingOperationStep] Getting GUID of required service instance "incident-management-db"...#
#2026 08 16 17:45:03.162#Z#DEBUG#2fac7300-999a-11f1-891d-eeee0a87b8c8.OPERATION#flowable-async-job-executor-thread-20577#
[CheckServiceBindingOperationStep] Getting binding of service instance "0da58f91-ee1a-4ff0-8d8d-813b7a5dfa30" with application "ad51bc3f-a511-452b-a243-a2bc40511ef0"...#
#2026 08 16 17:45:03.198#Z#DEBUG#2fac7300-999a-11f1-891d-eeee0a87b8c8.OPERATION#flowable-async-job-executor-thread-20577#
[CheckServiceBindingOperationStep] Service binding operation "9fbce75b-130a-4cb4-ab5e-372ec72e39e7" with type "create" is in state "succeeded"#
#2026 08 16 17:45:03.198#Z#DEBUG#2fac7300-999a-11f1-891d-eeee0a87b8c8.OPERATION#flowable-async-job-executor-thread-20577#
Step "Check For Service Binding Operation In Progress" finished#
#2026 08 16 17:45:03.004#Z#DEBUG#2fac7300-999a-11f1-891d-eeee0a87b8c8.OPERATION#flowable-async-job-executor-thread-7670#
[CreateOrUpdateAppStep] Executing task "createAppTask" of process "3584e122-999a-11f1-9b02-eeee0a83383d"...#
#2026 08 16 17:45:03.007#Z#DEBUG#2fac7300-999a-11f1-891d-eeee0a87b8c8.OPERATION#flowable-async-job-executor-thread-7670#
[CreateOrUpdateAppStep] Getting application "incident-management-db-deployer"...#
#2026 08 16 17:45:03.053#Z#INFO#2fac7300-999a-11f1-891d-eeee0a87b8c8.OPERATION#flowable-async-job-executor-thread-7670#
[CreateOrUpdateAppStep] Updating application "incident-management-db-deployer"...#
#2026 08 16 17:45:03.062#Z#DEBUG#2fac7300-999a-11f1-891d-eeee0a87b8c8.OPERATION#flowable-async-job-executor-thread-7670#
[CreateOrUpdateAppStep] Getting process for application "0902cf55-a1a0-45c3-8de4-5fd707c3292e"...#
#2026 08 16 17:45:03.095#Z#DEBUG#2fac7300-999a-11f1-891d-eeee0a87b8c8.OPERATION#flowable-async-job-executor-thread-7670#
[CreateOrUpdateAppStep] Getting routes for application "0902cf55-a1a0-45c3-8de4-5fd707c3292e"...#
#2026 08 16 17:45:03.127#Z#DEBUG#2fac7300-999a-11f1-891d-eeee0a87b8c8.OPERATION#flowable-async-job-executor-thread-7670#
[CreateOrUpdateAppStep] Getting features for application "0902cf55-a1a0-45c3-8de4-5fd707c3292e"#
#2026 08 16 17:45:03.152#Z#DEBUG#2fac7300-999a-11f1-891d-eeee0a87b8c8.OPERATION#flowable-async-job-executor-thread-7670#
[CreateOrUpdateAppStep] Updating staging of application "incident-management-db-deployer" to: {
  "buildpacks" : [ "nodejs_buildpack" ],
  "healthCheckType" : "port",
  "appFeatures" : { }
}#
#2026 08 16 17:45:03.358#Z#DEBUG#2fac7300-999a-11f1-891d-eeee0a87b8c8.OPERATION#flowable-async-job-executor-thread-7670#
[CreateOrUpdateAppStep] Application "incident-management-db-deployer" updated#
#2026 08 16 17:45:03.359#Z#DEBUG#2fac7300-999a-11f1-891d-eeee0a87b8c8.OPERATION#flowable-async-job-executor-thread-7670#
[CreateOrUpdateAppStep] Getting environment of application "0902cf55-a1a0-45c3-8de4-5fd707c3292e"...#
#2026 08 16 17:45:03.438#Z#DEBUG#2fac7300-999a-11f1-891d-eeee0a87b8c8.OPERATION#flowable-async-job-executor-thread-7670#
[CreateOrUpdateAppStep] Application "incident-management-db-deployer" updated#
#2026 08 16 17:45:03.438#Z#DEBUG#2fac7300-999a-11f1-891d-eeee0a87b8c8.OPERATION#flowable-async-job-executor-thread-7670#
Step "Create App" finished#
#2026 08 16 17:45:03.221#Z#DEBUG#2fac7300-999a-11f1-891d-eeee0a87b8c8.OPERATION#flowable-async-job-executor-thread-20577#
[DetermineApplicationServiceBindingActionsStep] Executing task "determineApplicationServiceBindingActionsTask" of process "35bb3320-999a-11f1-b453-eeee0a9f8472"...#
#2026 08 16 17:45:03.225#Z#DEBUG#2fac7300-999a-11f1-891d-eeee0a87b8c8.OPERATION#flowable-async-job-executor-thread-20577#
[DetermineApplicationServiceBindingActionsStep] Determine bind/unbind operations of application "incident-management-srv" to service instance "incident-management-db"#
#2026 08 16 17:45:03.225#Z#DEBUG#2fac7300-999a-11f1-891d-eeee0a87b8c8.OPERATION#flowable-async-job-executor-thread-20577#
[DetermineApplicationServiceBindingActionsStep] Getting application "incident-management-srv"...#
#2026 08 16 17:45:03.259#Z#DEBUG#2fac7300-999a-11f1-891d-eeee0a87b8c8.OPERATION#flowable-async-job-executor-thread-20577#
[DetermineApplicationServiceBindingActionsStep] Binding parameters for application "incident-management-srv": { }#
#2026 08 16 17:45:03.294#Z#DEBUG#2fac7300-999a-11f1-891d-eeee0a87b8c8.OPERATION#flowable-async-job-executor-thread-20577#
[DetermineApplicationServiceBindingActionsStep] Check should rebind application "incident-management-srv" and service instance "incident-management-db"#
#2026 08 16 17:45:03.294#Z#DEBUG#2fac7300-999a-11f1-891d-eeee0a87b8c8.OPERATION#flowable-async-job-executor-thread-20577#
[DetermineApplicationServiceBindingActionsStep] Getting GUID of required service instance "incident-management-db"...#
#2026 08 16 17:45:03.324#Z#DEBUG#2fac7300-999a-11f1-891d-eeee0a87b8c8.OPERATION#flowable-async-job-executor-thread-20577#
[DetermineApplicationServiceBindingActionsStep] Getting binding of service instance "0da58f91-ee1a-4ff0-8d8d-813b7a5dfa30" with application "ad51bc3f-a511-452b-a243-a2bc40511ef0"...#
#2026 08 16 17:45:03.361#Z#DEBUG#2fac7300-999a-11f1-891d-eeee0a87b8c8.OPERATION#flowable-async-job-executor-thread-20577#
[DetermineApplicationServiceBindingActionsStep] Getting parameters of service binding "9fbce75b-130a-4cb4-ab5e-372ec72e39e7"...#
#2026 08 16 17:45:03.558#Z#INFO#2fac7300-999a-11f1-891d-eeee0a87b8c8.OPERATION#flowable-async-job-executor-thread-20577#
[DetermineApplicationServiceBindingActionsStep] Service instance "incident-management-db" will not be rebound to application "incident-management-srv" because the binding parameters are not modified#
#2026 08 16 17:45:03.562#Z#DEBUG#2fac7300-999a-11f1-891d-eeee0a87b8c8.OPERATION#flowable-async-job-executor-thread-20577#
[DetermineApplicationServiceBindingActionsStep] Calculated binding operations between application "incident-management-srv" and service instance "incident-management-db": unbind - false bind - false#
#2026 08 16 17:45:03.562#Z#DEBUG#2fac7300-999a-11f1-891d-eeee0a87b8c8.OPERATION#flowable-async-job-executor-thread-20577#
Step "Determine Application Service Binding Actions" finished#
#2026 08 16 17:45:03.547#Z#DEBUG#2fac7300-999a-11f1-891d-eeee0a87b8c8.OPERATION#flowable-async-job-executor-thread-7672#
[CheckServiceBindingOperationStep] Executing task "checkForServiceBindingOperationInProgress" of process "35fd93e5-999a-11f1-9b02-eeee0a83383d"...#
#2026 08 16 17:45:03.548#Z#DEBUG#2fac7300-999a-11f1-891d-eeee0a87b8c8.OPERATION#flowable-async-job-executor-thread-7672#
[CheckServiceBindingOperationStep] Checking for service binding operation in progress between app "incident-management-db-deployer" and service instance "incident-management-db"#
#2026 08 16 17:45:03.549#Z#DEBUG#2fac7300-999a-11f1-891d-eeee0a87b8c8.OPERATION#flowable-async-job-executor-thread-7672#
[CheckServiceBindingOperationStep] Getting application guid "incident-management-db-deployer"...#
#2026 08 16 17:45:03.584#Z#DEBUG#2fac7300-999a-11f1-891d-eeee0a87b8c8.OPERATION#flowable-async-job-executor-thread-7672#
[CheckServiceBindingOperationStep] Getting GUID of required service instance "incident-management-db"...#
#2026 08 16 17:45:03.618#Z#DEBUG#2fac7300-999a-11f1-891d-eeee0a87b8c8.OPERATION#flowable-async-job-executor-thread-7672#
[CheckServiceBindingOperationStep] Getting binding of service instance "0da58f91-ee1a-4ff0-8d8d-813b7a5dfa30" with application "0902cf55-a1a0-45c3-8de4-5fd707c3292e"...#
#2026 08 16 17:45:03.652#Z#DEBUG#2fac7300-999a-11f1-891d-eeee0a87b8c8.OPERATION#flowable-async-job-executor-thread-7672#
[CheckServiceBindingOperationStep] Service binding operation "4a80600f-d728-465c-8efc-a40288ef195e" with type "create" is in state "succeeded"#
#2026 08 16 17:45:03.652#Z#DEBUG#2fac7300-999a-11f1-891d-eeee0a87b8c8.OPERATION#flowable-async-job-executor-thread-7672#
Step "Check For Service Binding Operation In Progress" finished#
#2026 08 16 17:45:03.689#Z#DEBUG#2fac7300-999a-11f1-891d-eeee0a87b8c8.OPERATION#flowable-async-job-executor-thread-7672#
[DetermineApplicationServiceBindingActionsStep] Executing task "determineApplicationServiceBindingActionsTask" of process "35fd93e5-999a-11f1-9b02-eeee0a83383d"...#
#2026 08 16 17:45:03.691#Z#DEBUG#2fac7300-999a-11f1-891d-eeee0a87b8c8.OPERATION#flowable-async-job-executor-thread-7672#
[DetermineApplicationServiceBindingActionsStep] Determine bind/unbind operations of application "incident-management-db-deployer" to service instance "incident-management-db"#
#2026 08 16 17:45:03.691#Z#DEBUG#2fac7300-999a-11f1-891d-eeee0a87b8c8.OPERATION#flowable-async-job-executor-thread-7672#
[DetermineApplicationServiceBindingActionsStep] Getting application "incident-management-db-deployer"...#
#2026 08 16 17:45:03.726#Z#DEBUG#2fac7300-999a-11f1-891d-eeee0a87b8c8.OPERATION#flowable-async-job-executor-thread-7672#
[DetermineApplicationServiceBindingActionsStep] Binding parameters for application "incident-management-db-deployer": { }#
#2026 08 16 17:45:03.761#Z#DEBUG#2fac7300-999a-11f1-891d-eeee0a87b8c8.OPERATION#flowable-async-job-executor-thread-7672#
[DetermineApplicationServiceBindingActionsStep] Check should rebind application "incident-management-db-deployer" and service instance "incident-management-db"#
#2026 08 16 17:45:03.761#Z#DEBUG#2fac7300-999a-11f1-891d-eeee0a87b8c8.OPERATION#flowable-async-job-executor-thread-7672#
[DetermineApplicationServiceBindingActionsStep] Getting GUID of required service instance "incident-management-db"...#
#2026 08 16 17:45:03.798#Z#DEBUG#2fac7300-999a-11f1-891d-eeee0a87b8c8.OPERATION#flowable-async-job-executor-thread-7672#
[DetermineApplicationServiceBindingActionsStep] Getting binding of service instance "0da58f91-ee1a-4ff0-8d8d-813b7a5dfa30" with application "0902cf55-a1a0-45c3-8de4-5fd707c3292e"...#
#2026 08 16 17:45:03.835#Z#DEBUG#2fac7300-999a-11f1-891d-eeee0a87b8c8.OPERATION#flowable-async-job-executor-thread-7672#
[DetermineApplicationServiceBindingActionsStep] Getting parameters of service binding "4a80600f-d728-465c-8efc-a40288ef195e"...#
#2026 08 16 17:45:04.040#Z#INFO#2fac7300-999a-11f1-891d-eeee0a87b8c8.OPERATION#flowable-async-job-executor-thread-7672#
[DetermineApplicationServiceBindingActionsStep] Service instance "incident-management-db" will not be rebound to application "incident-management-db-deployer" because the binding parameters are not modified#
#2026 08 16 17:45:04.047#Z#DEBUG#2fac7300-999a-11f1-891d-eeee0a87b8c8.OPERATION#flowable-async-job-executor-thread-7672#
[DetermineApplicationServiceBindingActionsStep] Calculated binding operations between application "incident-management-db-deployer" and service instance "incident-management-db": unbind - false bind - false#
#2026 08 16 17:45:04.047#Z#DEBUG#2fac7300-999a-11f1-891d-eeee0a87b8c8.OPERATION#flowable-async-job-executor-thread-7672#
Step "Determine Application Service Binding Actions" finished#
#2026 08 16 17:45:04.198#Z#DEBUG#2fac7300-999a-11f1-891d-eeee0a87b8c8.OPERATION#flowable-async-job-executor-thread-7672#
[DetermineVcapServicesPropertiesChangedStep] Executing task "determineVcapServicesPropertiesChangedTask" of process "365e027f-999a-11f1-9b02-eeee0a83383d"...#
#2026 08 16 17:45:04.201#Z#DEBUG#2fac7300-999a-11f1-891d-eeee0a87b8c8.OPERATION#flowable-async-job-executor-thread-7672#
[DetermineVcapServicesPropertiesChangedStep] VCAP_SERVICES properties for application "incident-management-db-deployer" changed: false#
#2026 08 16 17:45:04.201#Z#DEBUG#2fac7300-999a-11f1-891d-eeee0a87b8c8.OPERATION#flowable-async-job-executor-thread-7672#
Step "Determine vcap services properties changed" finished#
#2026 08 16 17:45:04.242#Z#DEBUG#2fac7300-999a-11f1-891d-eeee0a87b8c8.OPERATION#flowable-async-job-executor-thread-7672#
[UploadAppStep] Executing task "uploadAppTask" of process "365e027f-999a-11f1-9b02-eeee0a83383d"...#
#2026 08 16 17:45:04.244#Z#DEBUG#2fac7300-999a-11f1-891d-eeee0a87b8c8.OPERATION#flowable-async-job-executor-thread-7672#
[UploadAppStep] Application upload timeout is default one: 3,600 seconds#
#2026 08 16 17:45:04.245#Z#INFO#2fac7300-999a-11f1-891d-eeee0a87b8c8.OPERATION#flowable-async-job-executor-thread-7672#
[UploadAppStep] Uploading application "incident-management-db-deployer"...#
#2026 08 16 17:45:04.251#Z#DEBUG#2fac7300-999a-11f1-891d-eeee0a87b8c8.OPERATION#flowable-async-job-executor-thread-7672#
[UploadAppStep] Getting application "incident-management-db-deployer"...#
#2026 08 16 17:45:04.284#Z#DEBUG#2fac7300-999a-11f1-891d-eeee0a87b8c8.OPERATION#flowable-async-job-executor-thread-7672#
[UploadAppStep] Getting environment of application "0902cf55-a1a0-45c3-8de4-5fd707c3292e"...#
#2026 08 16 17:45:04.322#Z#INFO#2fac7300-999a-11f1-891d-eeee0a87b8c8.OPERATION#flowable-async-job-executor-thread-7672#
[UploadAppStep] Calculating application digest: "incident-management-db-deployer"#
#2026 08 16 17:45:04.404#Z#DEBUG#2fac7300-999a-11f1-891d-eeee0a87b8c8.OPERATION#flowable-async-job-executor-thread-7672#
Step "Upload App" finished#
#2026 08 16 17:45:04.827#Z#DEBUG#2fac7300-999a-11f1-891d-eeee0a87b8c8.OPERATION#flowable-async-job-executor-thread-20576#
[CheckServiceBindingOperationStep] Executing task "checkForServiceBindingOperationInProgress" of process "36c21c0e-999a-11f1-b453-eeee0a9f8472"...#
#2026 08 16 17:45:04.827#Z#DEBUG#2fac7300-999a-11f1-891d-eeee0a87b8c8.OPERATION#flowable-async-job-executor-thread-20576#
[CheckServiceBindingOperationStep] Checking for service binding operation in progress between app "incident-management-srv" and service instance "incident-management-destination"#
#2026 08 16 17:45:04.828#Z#DEBUG#2fac7300-999a-11f1-891d-eeee0a87b8c8.OPERATION#flowable-async-job-executor-thread-20576#
[CheckServiceBindingOperationStep] Getting application guid "incident-management-srv"...#
#2026 08 16 17:45:04.861#Z#DEBUG#2fac7300-999a-11f1-891d-eeee0a87b8c8.OPERATION#flowable-async-job-executor-thread-20576#
[CheckServiceBindingOperationStep] Getting GUID of required service instance "incident-management-destination"...#
#2026 08 16 17:45:04.898#Z#DEBUG#2fac7300-999a-11f1-891d-eeee0a87b8c8.OPERATION#flowable-async-job-executor-thread-20576#
[CheckServiceBindingOperationStep] Getting binding of service instance "39390deb-9077-4ed4-95ec-93ddd919f5ba" with application "ad51bc3f-a511-452b-a243-a2bc40511ef0"...#
#2026 08 16 17:45:04.943#Z#DEBUG#2fac7300-999a-11f1-891d-eeee0a87b8c8.OPERATION#flowable-async-job-executor-thread-20576#
[CheckServiceBindingOperationStep] Service binding operation "f21a5e5b-7830-4833-818e-cb6cd09ee82d" with type "create" is in state "succeeded"#
#2026 08 16 17:45:04.943#Z#DEBUG#2fac7300-999a-11f1-891d-eeee0a87b8c8.OPERATION#flowable-async-job-executor-thread-20576#
Step "Check For Service Binding Operation In Progress" finished#
#2026 08 16 17:45:04.868#Z#DEBUG#2fac7300-999a-11f1-891d-eeee0a87b8c8.OPERATION#flowable-async-job-executor-thread-20580#
[BuildContentDeploymentConfigurationStep] Executing task "buildContentDeploymentConfigurationTask" of process "36c48dae-999a-11f1-b453-eeee0a9f8472"...#
#2026 08 16 17:45:04.873#Z#DEBUG#2fac7300-999a-11f1-891d-eeee0a87b8c8.OPERATION#ForkJoinPool-146-worker-1#
[BuildContentDeploymentConfigurationStep] Getting service key "incident-management-app-deployer-incident-management-html5-repo-host-credentials" for service instance "incident-management-html5-repo-host"...#
#2026 08 16 17:45:04.873#Z#DEBUG#2fac7300-999a-11f1-891d-eeee0a87b8c8.OPERATION#ForkJoinPool-146-worker-2#
[BuildContentDeploymentConfigurationStep] Getting service key "incident-management-app-deployer-incident-management-auth-credentials" for service instance "incident-management-auth"...#
#2026 08 16 17:45:05.098#Z#INFO#2fac7300-999a-11f1-891d-eeee0a87b8c8.OPERATION#ForkJoinPool-146-worker-2#
[BuildContentDeploymentConfigurationStep] Service key "incident-management-app-deployer-incident-management-auth-credentials" for service "incident-management-auth" already exists#
#2026 08 16 17:45:05.098#Z#INFO#2fac7300-999a-11f1-891d-eeee0a87b8c8.OPERATION#ForkJoinPool-146-worker-1#
[BuildContentDeploymentConfigurationStep] Service key "incident-management-app-deployer-incident-management-html5-repo-host-credentials" for service "incident-management-html5-repo-host" already exists#
#2026 08 16 17:45:05.105#Z#DEBUG#2fac7300-999a-11f1-891d-eeee0a87b8c8.OPERATION#flowable-async-job-executor-thread-20580#
Step "Build Content Deployment Configuration" finished#
#2026 08 16 17:45:04.969#Z#DEBUG#2fac7300-999a-11f1-891d-eeee0a87b8c8.OPERATION#flowable-async-job-executor-thread-20576#
[DetermineApplicationServiceBindingActionsStep] Executing task "determineApplicationServiceBindingActionsTask" of process "36c21c0e-999a-11f1-b453-eeee0a9f8472"...#
#2026 08 16 17:45:04.971#Z#DEBUG#2fac7300-999a-11f1-891d-eeee0a87b8c8.OPERATION#flowable-async-job-executor-thread-20576#
[DetermineApplicationServiceBindingActionsStep] Determine bind/unbind operations of application "incident-management-srv" to service instance "incident-management-destination"#
#2026 08 16 17:45:04.971#Z#DEBUG#2fac7300-999a-11f1-891d-eeee0a87b8c8.OPERATION#flowable-async-job-executor-thread-20576#
[DetermineApplicationServiceBindingActionsStep] Getting application "incident-management-srv"...#
#2026 08 16 17:45:05.007#Z#DEBUG#2fac7300-999a-11f1-891d-eeee0a87b8c8.OPERATION#flowable-async-job-executor-thread-20576#
[DetermineApplicationServiceBindingActionsStep] Binding parameters for application "incident-management-srv": { }#
#2026 08 16 17:45:05.037#Z#DEBUG#2fac7300-999a-11f1-891d-eeee0a87b8c8.OPERATION#flowable-async-job-executor-thread-20576#
[DetermineApplicationServiceBindingActionsStep] Check should rebind application "incident-management-srv" and service instance "incident-management-destination"#
#2026 08 16 17:45:05.037#Z#DEBUG#2fac7300-999a-11f1-891d-eeee0a87b8c8.OPERATION#flowable-async-job-executor-thread-20576#
[DetermineApplicationServiceBindingActionsStep] Getting GUID of required service instance "incident-management-destination"...#
#2026 08 16 17:45:05.067#Z#DEBUG#2fac7300-999a-11f1-891d-eeee0a87b8c8.OPERATION#flowable-async-job-executor-thread-20576#
[DetermineApplicationServiceBindingActionsStep] Getting binding of service instance "39390deb-9077-4ed4-95ec-93ddd919f5ba" with application "ad51bc3f-a511-452b-a243-a2bc40511ef0"...#
#2026 08 16 17:45:05.094#Z#DEBUG#2fac7300-999a-11f1-891d-eeee0a87b8c8.OPERATION#flowable-async-job-executor-thread-20576#
[DetermineApplicationServiceBindingActionsStep] Getting parameters of service binding "f21a5e5b-7830-4833-818e-cb6cd09ee82d"...#
#2026 08 16 17:45:05.125#Z#WARN#2fac7300-999a-11f1-891d-eeee0a87b8c8.OPERATION#flowable-async-job-executor-thread-20576#
[DetermineApplicationServiceBindingActionsStep] Cannot retrieve parameters of binding between application "incident-management-srv" and service instance "incident-management-destination"#
#2026 08 16 17:45:05.127#Z#DEBUG#2fac7300-999a-11f1-891d-eeee0a87b8c8.OPERATION#flowable-async-job-executor-thread-20576#
[DetermineApplicationServiceBindingActionsStep] Calculated binding operations between application "incident-management-srv" and service instance "incident-management-destination": unbind - true bind - true#
#2026 08 16 17:45:05.127#Z#DEBUG#2fac7300-999a-11f1-891d-eeee0a87b8c8.OPERATION#flowable-async-job-executor-thread-20576#
Step "Determine Application Service Binding Actions" finished#
#2026 08 16 17:45:05.157#Z#DEBUG#2fac7300-999a-11f1-891d-eeee0a87b8c8.OPERATION#flowable-async-job-executor-thread-20576#
[UnbindServiceFromApplicationStep] Executing task "unbindServiceFromApplicationTask" of process "36c21c0e-999a-11f1-b453-eeee0a9f8472"...#
#2026 08 16 17:45:05.160#Z#INFO#2fac7300-999a-11f1-891d-eeee0a87b8c8.OPERATION#flowable-async-job-executor-thread-20576#
[UnbindServiceFromApplicationStep] Unbinding service instance "incident-management-destination" from application "incident-management-srv"...#
#2026 08 16 17:45:05.164#Z#DEBUG#2fac7300-999a-11f1-891d-eeee0a87b8c8.OPERATION#flowable-async-job-executor-thread-20576#
[UnbindServiceFromApplicationStep] Unbinding application "incident-management-srv" from service instance "incident-management-destination"...#
#2026 08 16 17:45:05.310#Z#DEBUG#2fac7300-999a-11f1-891d-eeee0a87b8c8.OPERATION#flowable-async-job-executor-thread-20576#
Step "Unbind Service from Application" finished#
#2026 08 16 17:45:05.245#Z#DEBUG#2fac7300-999a-11f1-891d-eeee0a87b8c8.OPERATION#flowable-async-job-executor-thread-8713#
[CheckServiceBindingOperationStep] Executing task "checkForServiceBindingOperationInProgress" of process "36fe88cf-999a-11f1-891d-eeee0a87b8c8"...#
#2026 08 16 17:45:05.245#Z#DEBUG#2fac7300-999a-11f1-891d-eeee0a87b8c8.OPERATION#flowable-async-job-executor-thread-8713#
[CheckServiceBindingOperationStep] Checking for service binding operation in progress between app "incident-management-srv" and service instance "incident-management-auth"#
#2026 08 16 17:45:05.246#Z#DEBUG#2fac7300-999a-11f1-891d-eeee0a87b8c8.OPERATION#flowable-async-job-executor-thread-8713#
[CheckServiceBindingOperationStep] Getting application guid "incident-management-srv"...#
#2026 08 16 17:45:05.278#Z#DEBUG#2fac7300-999a-11f1-891d-eeee0a87b8c8.OPERATION#flowable-async-job-executor-thread-8713#
[CheckServiceBindingOperationStep] Getting GUID of required service instance "incident-management-auth"...#
#2026 08 16 17:45:05.309#Z#DEBUG#2fac7300-999a-11f1-891d-eeee0a87b8c8.OPERATION#flowable-async-job-executor-thread-8713#
[CheckServiceBindingOperationStep] Getting binding of service instance "8abf4978-373f-483c-8790-2b78cc590755" with application "ad51bc3f-a511-452b-a243-a2bc40511ef0"...#
#2026 08 16 17:45:05.343#Z#DEBUG#2fac7300-999a-11f1-891d-eeee0a87b8c8.OPERATION#flowable-async-job-executor-thread-8713#
[CheckServiceBindingOperationStep] Service binding operation "ba043ce5-c53d-4100-8e0e-1cee6d9fa606" with type "create" is in state "succeeded"#
#2026 08 16 17:45:05.343#Z#DEBUG#2fac7300-999a-11f1-891d-eeee0a87b8c8.OPERATION#flowable-async-job-executor-thread-8713#
Step "Check For Service Binding Operation In Progress" finished#
#2026 08 16 17:45:05.108#Z#DEBUG#2fac7300-999a-11f1-891d-eeee0a87b8c8.OPERATION#flowable-async-job-executor-thread-20580#
[CreateContentDeployClientConfigurationStep] Executing task "createContentDeployClientConfigurationTask" of process "36f27a9e-999a-11f1-b453-eeee0a9f8472"...#
#2026 08 16 17:45:05.108#Z#DEBUG#2fac7300-999a-11f1-891d-eeee0a87b8c8.OPERATION#flowable-async-job-executor-thread-20580#
[CreateContentDeployClientConfigurationStep] Content deployer client configuration: {
  "contentDeployerUrl" : "https://html5-apps-repo-dt.cfapps.us10.hana.ondemand.com",
  "uaaClientConfiguration" : {
    "url" : "********",
    "credentials" : "********",
    "authenticationStrategyType" : "********"
  },
  "httpRequestHeaders" : {
    "X-CorrelationID" : "2fac7300-999a-11f1-891d-eeee0a87b8c8"
  },
  "spaceId" : "f45e1bdb-ffb6-4131-81a7-6fdf00ff09b9",
  "serviceName" : "incident-management-html5-repo-host"
}#
#2026 08 16 17:45:05.408#Z#DEBUG#2fac7300-999a-11f1-891d-eeee0a87b8c8.OPERATION#flowable-async-job-executor-thread-20580#
Step "Create Content Deploy Client Configuration" finished#
#2026 08 16 17:45:05.409#Z#DEBUG#2fac7300-999a-11f1-891d-eeee0a87b8c8.OPERATION#flowable-async-job-executor-thread-20580#
[GetContentFromDeploymentDescriptorStep] Executing task "getContentFromDeploymentDescriptorTask" of process "36f27a9e-999a-11f1-b453-eeee0a9f8472"...#
#2026 08 16 17:45:05.409#Z#DEBUG#2fac7300-999a-11f1-891d-eeee0a87b8c8.OPERATION#flowable-async-job-executor-thread-20580#
Step "Get Content From Deployment Descriptor" finished#
#2026 08 16 17:45:05.284#Z#DEBUG#2fac7300-999a-11f1-891d-eeee0a87b8c8.OPERATION#flowable-async-job-executor-thread-8714#
[BuildContentDeploymentConfigurationStep] Executing task "buildContentDeploymentConfigurationTask" of process "370232ef-999a-11f1-891d-eeee0a87b8c8"...#
#2026 08 16 17:45:05.291#Z#DEBUG#2fac7300-999a-11f1-891d-eeee0a87b8c8.OPERATION#ForkJoinPool-71-worker-1#
[BuildContentDeploymentConfigurationStep] Getting service key "incident-management-html5-repo-host-key" for service instance "incident-management-html5-repo-host"...#
#2026 08 16 17:45:05.292#Z#DEBUG#2fac7300-999a-11f1-891d-eeee0a87b8c8.OPERATION#ForkJoinPool-71-worker-2#
[BuildContentDeploymentConfigurationStep] Getting service key "incident-management-auth-key" for service instance "incident-management-auth"...#
#2026 08 16 17:45:05.292#Z#DEBUG#2fac7300-999a-11f1-891d-eeee0a87b8c8.OPERATION#ForkJoinPool-71-worker-3#
[BuildContentDeploymentConfigurationStep] Getting service key "incident-management-destinations-incident-management-destination-credentials" for service instance "incident-management-destination"...#
#2026 08 16 17:45:05.481#Z#INFO#2fac7300-999a-11f1-891d-eeee0a87b8c8.OPERATION#ForkJoinPool-71-worker-2#
[BuildContentDeploymentConfigurationStep] Service key "incident-management-auth-key" for service "incident-management-auth" already exists#
#2026 08 16 17:45:05.487#Z#INFO#2fac7300-999a-11f1-891d-eeee0a87b8c8.OPERATION#ForkJoinPool-71-worker-1#
[BuildContentDeploymentConfigurationStep] Service key "incident-management-html5-repo-host-key" for service "incident-management-html5-repo-host" already exists#
#2026 08 16 17:45:05.504#Z#INFO#2fac7300-999a-11f1-891d-eeee0a87b8c8.OPERATION#ForkJoinPool-71-worker-3#
[BuildContentDeploymentConfigurationStep] Service key "incident-management-destinations-incident-management-destination-credentials" for service "incident-management-destination" already exists#
#2026 08 16 17:45:05.511#Z#DEBUG#2fac7300-999a-11f1-891d-eeee0a87b8c8.OPERATION#flowable-async-job-executor-thread-8714#
Step "Build Content Deployment Configuration" finished#
#2026 08 16 17:45:05.380#Z#DEBUG#2fac7300-999a-11f1-891d-eeee0a87b8c8.OPERATION#flowable-async-job-executor-thread-8715#
[DetermineApplicationServiceBindingActionsStep] Executing task "determineApplicationServiceBindingActionsTask" of process "36fe88cf-999a-11f1-891d-eeee0a87b8c8"...#
#2026 08 16 17:45:05.382#Z#DEBUG#2fac7300-999a-11f1-891d-eeee0a87b8c8.OPERATION#flowable-async-job-executor-thread-8715#
[DetermineApplicationServiceBindingActionsStep] Determine bind/unbind operations of application "incident-management-srv" to service instance "incident-management-auth"#
#2026 08 16 17:45:05.382#Z#DEBUG#2fac7300-999a-11f1-891d-eeee0a87b8c8.OPERATION#flowable-async-job-executor-thread-8715#
[DetermineApplicationServiceBindingActionsStep] Getting application "incident-management-srv"...#
#2026 08 16 17:45:05.421#Z#DEBUG#2fac7300-999a-11f1-891d-eeee0a87b8c8.OPERATION#flowable-async-job-executor-thread-8715#
[DetermineApplicationServiceBindingActionsStep] Binding parameters for application "incident-management-srv": { }#
#2026 08 16 17:45:05.456#Z#DEBUG#2fac7300-999a-11f1-891d-eeee0a87b8c8.OPERATION#flowable-async-job-executor-thread-8715#
[DetermineApplicationServiceBindingActionsStep] Check should rebind application "incident-management-srv" and service instance "incident-management-auth"#
#2026 08 16 17:45:05.456#Z#DEBUG#2fac7300-999a-11f1-891d-eeee0a87b8c8.OPERATION#flowable-async-job-executor-thread-8715#
[DetermineApplicationServiceBindingActionsStep] Getting GUID of required service instance "incident-management-auth"...#
#2026 08 16 17:45:05.483#Z#DEBUG#2fac7300-999a-11f1-891d-eeee0a87b8c8.OPERATION#flowable-async-job-executor-thread-8715#
[DetermineApplicationServiceBindingActionsStep] Getting binding of service instance "8abf4978-373f-483c-8790-2b78cc590755" with application "ad51bc3f-a511-452b-a243-a2bc40511ef0"...#
#2026 08 16 17:45:05.514#Z#DEBUG#2fac7300-999a-11f1-891d-eeee0a87b8c8.OPERATION#flowable-async-job-executor-thread-8715#
[DetermineApplicationServiceBindingActionsStep] Getting parameters of service binding "ba043ce5-c53d-4100-8e0e-1cee6d9fa606"...#
#2026 08 16 17:45:05.546#Z#WARN#2fac7300-999a-11f1-891d-eeee0a87b8c8.OPERATION#flowable-async-job-executor-thread-8715#
[DetermineApplicationServiceBindingActionsStep] Cannot retrieve parameters of binding between application "incident-management-srv" and service instance "incident-management-auth"#
#2026 08 16 17:45:05.548#Z#DEBUG#2fac7300-999a-11f1-891d-eeee0a87b8c8.OPERATION#flowable-async-job-executor-thread-8715#
[DetermineApplicationServiceBindingActionsStep] Calculated binding operations between application "incident-management-srv" and service instance "incident-management-auth": unbind - true bind - true#
#2026 08 16 17:45:05.548#Z#DEBUG#2fac7300-999a-11f1-891d-eeee0a87b8c8.OPERATION#flowable-async-job-executor-thread-8715#
Step "Determine Application Service Binding Actions" finished#
#2026 08 16 17:45:05.515#Z#DEBUG#2fac7300-999a-11f1-891d-eeee0a87b8c8.OPERATION#flowable-async-job-executor-thread-8714#
[CreateContentDeployClientConfigurationStep] Executing task "createContentDeployClientConfigurationTask" of process "3730950f-999a-11f1-891d-eeee0a87b8c8"...#
#2026 08 16 17:45:05.516#Z#DEBUG#2fac7300-999a-11f1-891d-eeee0a87b8c8.OPERATION#flowable-async-job-executor-thread-8714#
[CreateContentDeployClientConfigurationStep] Content deployer client configuration: {
  "contentDeployerUrl" : "https://destination-configuration.cfapps.us10.hana.ondemand.com/destination-configuration/gacd",
  "uaaClientConfiguration" : {
    "url" : "********",
    "credentials" : "********",
    "authenticationStrategyType" : "********"
  },
  "httpRequestHeaders" : {
    "X-CorrelationID" : "2fac7300-999a-11f1-891d-eeee0a87b8c8"
  },
  "spaceId" : "f45e1bdb-ffb6-4131-81a7-6fdf00ff09b9",
  "serviceName" : "incident-management-destination"
}#
#2026 08 16 17:45:05.731#Z#DEBUG#2fac7300-999a-11f1-891d-eeee0a87b8c8.OPERATION#flowable-async-job-executor-thread-8714#
Step "Create Content Deploy Client Configuration" finished#
#2026 08 16 17:45:05.732#Z#DEBUG#2fac7300-999a-11f1-891d-eeee0a87b8c8.OPERATION#flowable-async-job-executor-thread-8714#
[GetContentFromDeploymentDescriptorStep] Executing task "getContentFromDeploymentDescriptorTask" of process "3730950f-999a-11f1-891d-eeee0a87b8c8"...#
#2026 08 16 17:45:05.732#Z#DEBUG#2fac7300-999a-11f1-891d-eeee0a87b8c8.OPERATION#flowable-async-job-executor-thread-8714#
[GetContentFromDeploymentDescriptorStep] Content for module: "incident-management-destinations" is: "{
  "id" : "3b403f75-aa13-4554-8eec-949da8d11829",
  "contentType" : "EMBEDDED",
  "content" : {
    "instance" : {
      "destinations" : [ {
        "Authentication" : "********",
        "Name" : "********",
        "ServiceInstanceName" : "********",
        "ServiceKeyName" : "********",
        "sap.cloud.service" : "incidentmanagement.service"
      } ],
      "existing_destinations_policy" : "update"
    },
    "subaccount" : {
      "destinations" : [ {
        "Name" : "incident-management-html5-repository",
        "ServiceInstanceName" : "incident-management-html5-repo-host",
        "ServiceKeyName" : "********",
        "sap.cloud.service" : "incidentmanagement.service"
      } ],
      "existing_destinations_policy" : "update"
    }
  }
}"#
#2026 08 16 17:45:05.733#Z#DEBUG#2fac7300-999a-11f1-891d-eeee0a87b8c8.OPERATION#flowable-async-job-executor-thread-8714#
Step "Get Content From Deployment Descriptor" finished#
#2026 08 16 17:45:05.586#Z#DEBUG#2fac7300-999a-11f1-891d-eeee0a87b8c8.OPERATION#flowable-async-job-executor-thread-8716#
[UnbindServiceFromApplicationStep] Executing task "unbindServiceFromApplicationTask" of process "36fe88cf-999a-11f1-891d-eeee0a87b8c8"...#
#2026 08 16 17:45:05.590#Z#INFO#2fac7300-999a-11f1-891d-eeee0a87b8c8.OPERATION#flowable-async-job-executor-thread-8716#
[UnbindServiceFromApplicationStep] Unbinding service instance "incident-management-auth" from application "incident-management-srv"...#
#2026 08 16 17:45:05.595#Z#DEBUG#2fac7300-999a-11f1-891d-eeee0a87b8c8.OPERATION#flowable-async-job-executor-thread-8716#
[UnbindServiceFromApplicationStep] Unbinding application "incident-management-srv" from service instance "incident-management-auth"...#
#2026 08 16 17:45:05.735#Z#DEBUG#2fac7300-999a-11f1-891d-eeee0a87b8c8.OPERATION#flowable-async-job-executor-thread-8716#
Step "Unbind Service from Application" finished#
#2026 08 16 17:45:05.410#Z#DEBUG#2fac7300-999a-11f1-891d-eeee0a87b8c8.OPERATION#flowable-async-job-executor-thread-20580#
[UploadContentStep] Executing task "uploadContentTask" of process "36f27a9e-999a-11f1-b453-eeee0a9f8472"...#
#2026 08 16 17:45:05.410#Z#INFO#2fac7300-999a-11f1-891d-eeee0a87b8c8.OPERATION#flowable-async-job-executor-thread-20580#
[UploadContentStep] Uploading content module "incident-management-app-deployer" in target service "incident-management-html5-repo-host"...#
#2026 08 16 17:45:05.414#Z#DEBUG#2fac7300-999a-11f1-891d-eeee0a87b8c8.OPERATION#flowable-async-job-executor-thread-20580#
[UploadContentStep] Uploading file "incident-management-app-deployer/app/data.zip" for content module "incident-management-app-deployer" in service "incident-management-html5-repo-host"#
#2026 08 16 17:45:05.598#Z#INFO#2fac7300-999a-11f1-891d-eeee0a87b8c8.OPERATION#flowable-async-job-executor-thread-20580#
[UploadContentStep] Content to deploy size: 5,956 in bytes#
#2026 08 16 17:45:06.115#Z#DEBUG#2fac7300-999a-11f1-891d-eeee0a87b8c8.OPERATION#flowable-async-job-executor-thread-20580#
[UploadContentStep] Uploaded content: {
  "id" : "61f26dc7-2f9e-47e8-9061-2dfc8476e044",
  "name" : "content.zip",
  "contentType" : "FILE"
}#
#2026 08 16 17:45:06.116#Z#DEBUG#2fac7300-999a-11f1-891d-eeee0a87b8c8.OPERATION#flowable-async-job-executor-thread-20580#
Step "Upload Content" finished#
#2026 08 16 17:45:05.734#Z#DEBUG#2fac7300-999a-11f1-891d-eeee0a87b8c8.OPERATION#flowable-async-job-executor-thread-8714#
[SynchronousContentDeployStep] Executing task "synchronousContentDeployTask" of process "3730950f-999a-11f1-891d-eeee0a87b8c8"...#
#2026 08 16 17:45:05.735#Z#INFO#2fac7300-999a-11f1-891d-eeee0a87b8c8.OPERATION#flowable-async-job-executor-thread-8714#
[SynchronousContentDeployStep] Deploying content module "incident-management-destinations" in target service "incident-management-destination"...#
#2026 08 16 17:45:05.917#Z#DEBUG#2fac7300-999a-11f1-891d-eeee0a87b8c8.OPERATION#flowable-async-job-executor-thread-8714#
[SynchronousContentDeployStep] Processing inline content upload for module: incident-management-destinations#
#2026 08 16 17:45:06.178#Z#DEBUG#2fac7300-999a-11f1-891d-eeee0a87b8c8.OPERATION#flowable-async-job-executor-thread-8714#
Step "Synchronous Deploy" finished#
#2026 08 16 17:45:06.118#Z#DEBUG#2fac7300-999a-11f1-891d-eeee0a87b8c8.OPERATION#flowable-async-job-executor-thread-20580#
[StartContentDeployStep] Executing task "startContentDeployTask" of process "36f27a9e-999a-11f1-b453-eeee0a9f8472"...#
#2026 08 16 17:45:06.118#Z#INFO#2fac7300-999a-11f1-891d-eeee0a87b8c8.OPERATION#flowable-async-job-executor-thread-20580#
[StartContentDeployStep] Deploying content module "incident-management-app-deployer" in target service "incident-management-html5-repo-host"...#
#2026 08 16 17:45:06.403#Z#DEBUG#2fac7300-999a-11f1-891d-eeee0a87b8c8.OPERATION#flowable-async-job-executor-thread-20580#
Step "Start Content Deploy" finished#
#2026 08 16 17:45:12.021#Z#DEBUG#2fac7300-999a-11f1-891d-eeee0a87b8c8.OPERATION#flowable-async-job-executor-thread-20588#
[UnbindServiceFromApplicationStep] Executing task "unbindServiceFromApplicationTask" of process "36c21c0e-999a-11f1-b453-eeee0a9f8472"...#
#2026 08 16 17:45:12.024#Z#DEBUG#2fac7300-999a-11f1-891d-eeee0a87b8c8.OPERATION#flowable-async-job-executor-thread-20588#
[UnbindServiceFromApplicationStep] Getting async job "cce37a0b-6aa7-4b59-b65b-4ec9c3f879fe"#
#2026 08 16 17:45:12.026#Z#DEBUG#2fac7300-999a-11f1-891d-eeee0a87b8c8.OPERATION#flowable-async-job-executor-thread-20586#
[UnbindServiceFromApplicationStep] Executing task "unbindServiceFromApplicationTask" of process "36fe88cf-999a-11f1-891d-eeee0a87b8c8"...#
#2026 08 16 17:45:12.028#Z#DEBUG#2fac7300-999a-11f1-891d-eeee0a87b8c8.OPERATION#flowable-async-job-executor-thread-20586#
[UnbindServiceFromApplicationStep] Getting async job "a358de0f-3bea-4fb8-a397-4c42ff815a9f"#
#2026 08 16 17:45:12.050#Z#DEBUG#2fac7300-999a-11f1-891d-eeee0a87b8c8.OPERATION#flowable-async-job-executor-thread-20588#
[UnbindServiceFromApplicationStep] Getting service instance "incident-management-destination"...#
#2026 08 16 17:45:12.059#Z#DEBUG#2fac7300-999a-11f1-891d-eeee0a87b8c8.OPERATION#flowable-async-job-executor-thread-20586#
[UnbindServiceFromApplicationStep] Getting service instance "incident-management-auth"...#
#2026 08 16 17:45:12.166#Z#DEBUG#2fac7300-999a-11f1-891d-eeee0a87b8c8.OPERATION#flowable-async-job-executor-thread-20588#
[UnbindServiceFromApplicationStep] Async service binding operation with id "cce37a0b-6aa7-4b59-b65b-4ec9c3f879fe" finished#
#2026 08 16 17:45:12.168#Z#DEBUG#2fac7300-999a-11f1-891d-eeee0a87b8c8.OPERATION#flowable-async-job-executor-thread-20588#
Step "Unbind Service from Application" finished#
#2026 08 16 17:45:12.178#Z#DEBUG#2fac7300-999a-11f1-891d-eeee0a87b8c8.OPERATION#flowable-async-job-executor-thread-20586#
[UnbindServiceFromApplicationStep] Async service binding operation with id "a358de0f-3bea-4fb8-a397-4c42ff815a9f" finished#
#2026 08 16 17:45:12.182#Z#DEBUG#2fac7300-999a-11f1-891d-eeee0a87b8c8.OPERATION#flowable-async-job-executor-thread-20586#
Step "Unbind Service from Application" finished#
#2026 08 16 17:45:12.208#Z#DEBUG#2fac7300-999a-11f1-891d-eeee0a87b8c8.OPERATION#flowable-async-job-executor-thread-20588#
[BindServiceToApplicationStep] Executing task "bindServiceToApplicationTask" of process "36c21c0e-999a-11f1-b453-eeee0a9f8472"...#
#2026 08 16 17:45:12.209#Z#INFO#2fac7300-999a-11f1-891d-eeee0a87b8c8.OPERATION#flowable-async-job-executor-thread-20588#
[BindServiceToApplicationStep] Binding service instance "incident-management-destination" to application "incident-management-srv"...#
#2026 08 16 17:45:12.214#Z#DEBUG#2fac7300-999a-11f1-891d-eeee0a87b8c8.OPERATION#flowable-async-job-executor-thread-20588#
[BindServiceToApplicationStep] Binding service instance "incident-management-destination" to application "incident-management-srv" with parameters: { }#
#2026 08 16 17:45:12.218#Z#DEBUG#2fac7300-999a-11f1-891d-eeee0a87b8c8.OPERATION#flowable-async-job-executor-thread-20586#
[BindServiceToApplicationStep] Executing task "bindServiceToApplicationTask" of process "36fe88cf-999a-11f1-891d-eeee0a87b8c8"...#
#2026 08 16 17:45:12.219#Z#INFO#2fac7300-999a-11f1-891d-eeee0a87b8c8.OPERATION#flowable-async-job-executor-thread-20586#
[BindServiceToApplicationStep] Binding service instance "incident-management-auth" to application "incident-management-srv"...#
#2026 08 16 17:45:12.225#Z#DEBUG#2fac7300-999a-11f1-891d-eeee0a87b8c8.OPERATION#flowable-async-job-executor-thread-20586#
[BindServiceToApplicationStep] Binding service instance "incident-management-auth" to application "incident-management-srv" with parameters: { }#
#2026 08 16 17:45:12.325#Z#DEBUG#2fac7300-999a-11f1-891d-eeee0a87b8c8.OPERATION#flowable-async-job-executor-thread-20588#
Step "Bind Service to Application" finished#
#2026 08 16 17:45:12.341#Z#DEBUG#2fac7300-999a-11f1-891d-eeee0a87b8c8.OPERATION#flowable-async-job-executor-thread-20586#
Step "Bind Service to Application" finished#
#2026 08 16 17:45:12.025#Z#DEBUG#2fac7300-999a-11f1-891d-eeee0a87b8c8.OPERATION#flowable-async-job-executor-thread-20589#
[UploadAppStep] Executing task "uploadAppTask" of process "365e027f-999a-11f1-9b02-eeee0a83383d"...#
#2026 08 16 17:45:12.026#Z#DEBUG#2fac7300-999a-11f1-891d-eeee0a87b8c8.OPERATION#flowable-async-job-executor-thread-20589#
[UploadAppStep] Application upload timeout is default one: 3,600 seconds#
#2026 08 16 17:45:12.028#Z#DEBUG#2fac7300-999a-11f1-891d-eeee0a87b8c8.OPERATION#pool-21-thread-3#
[UploadAppStep] Upload of application: incident-management-db-deployer started on instance: 0#
#2026 08 16 17:45:12.028#Z#DEBUG#2fac7300-999a-11f1-891d-eeee0a87b8c8.OPERATION#pool-21-thread-3#
[UploadAppStep] Uploading file "incident-management-db-deployer/data.zip" for application "incident-management-db-deployer"#
#2026 08 16 17:45:12.086#Z#INFO#2fac7300-999a-11f1-891d-eeee0a87b8c8.OPERATION#pool-21-thread-3#
[UploadAppStep] Time elapsed for app binary download: 57 in millis#
#2026 08 16 17:45:12.086#Z#INFO#2fac7300-999a-11f1-891d-eeee0a87b8c8.OPERATION#pool-21-thread-3#
[UploadAppStep] Size of app incident-management-db-deployer is 2,466,578 bytes#
#2026 08 16 17:45:12.086#Z#DEBUG#2fac7300-999a-11f1-891d-eeee0a87b8c8.OPERATION#pool-21-thread-3#
[UploadAppStep] Asynchronously uploading binaries for application "incident-management-db-deployer"...#
#2026 08 16 17:45:12.280#Z#INFO#2fac7300-999a-11f1-891d-eeee0a87b8c8.OPERATION#pool-21-thread-3#
[UploadAppStep] Started async upload of application "incident-management-db-deployer"#
#2026 08 16 17:45:12.286#Z#INFO#2fac7300-999a-11f1-891d-eeee0a87b8c8.OPERATION#flowable-async-job-executor-thread-20589#
[UploadAppStep] Time elapsed for upload: 259 in millis#
#2026 08 16 17:45:12.286#Z#DEBUG#2fac7300-999a-11f1-891d-eeee0a87b8c8.OPERATION#flowable-async-job-executor-thread-20589#
[UploadAppStep] Getting application "incident-management-db-deployer"...#
#2026 08 16 17:45:12.309#Z#DEBUG#2fac7300-999a-11f1-891d-eeee0a87b8c8.OPERATION#App upload monitor: 97aea200-6bd2-4c1c-bfa1-f10fa31dca49#
[UploadAppStep] Upload status: PROCESSING_UPLOAD#
#2026 08 16 17:45:12.314#Z#DEBUG#2fac7300-999a-11f1-891d-eeee0a87b8c8.OPERATION#flowable-async-job-executor-thread-20589#
[UploadAppStep] Getting environment of application "0902cf55-a1a0-45c3-8de4-5fd707c3292e"...#
#2026 08 16 17:45:12.351#Z#DEBUG#2fac7300-999a-11f1-891d-eeee0a87b8c8.OPERATION#flowable-async-job-executor-thread-20589#
[UploadAppStep] Updating environment of application "incident-management-db-deployer"#
#2026 08 16 17:45:12.429#Z#DEBUG#2fac7300-999a-11f1-891d-eeee0a87b8c8.OPERATION#flowable-async-job-executor-thread-20589#
Step "Upload App" finished#
#2026 08 16 17:45:11.996#Z#DEBUG#2fac7300-999a-11f1-891d-eeee0a87b8c8.OPERATION#flowable-async-job-executor-thread-20583#
[StartContentDeployStep] Executing task "startContentDeployTask" of process "36f27a9e-999a-11f1-b453-eeee0a9f8472"...#
#2026 08 16 17:45:11.997#Z#DEBUG#2fac7300-999a-11f1-891d-eeee0a87b8c8.OPERATION#flowable-async-job-executor-thread-20583#
[StartContentDeployStep] Checking status of module content deployment "incident-management-app-deployer" in service "incident-management-html5-repo-host"...#
#2026 08 16 17:45:12.445#Z#DEBUG#2fac7300-999a-11f1-891d-eeee0a87b8c8.OPERATION#flowable-async-job-executor-thread-20583#
[StartContentDeployStep] Deleting content deployment resource "61f26dc7-2f9e-47e8-9061-2dfc8476e044"...#
#2026 08 16 17:45:12.485#Z#DEBUG#2fac7300-999a-11f1-891d-eeee0a87b8c8.OPERATION#flowable-async-job-executor-thread-20583#
Step "Start Content Deploy" finished#
#2026 08 16 17:45:17.337#Z#DEBUG#2fac7300-999a-11f1-891d-eeee0a87b8c8.OPERATION#App upload monitor: 97aea200-6bd2-4c1c-bfa1-f10fa31dca49#
[UploadAppStep] Upload status: READY#
#2026 08 16 17:45:22.036#Z#DEBUG#2fac7300-999a-11f1-891d-eeee0a87b8c8.OPERATION#flowable-async-job-executor-thread-20595#
[UploadAppStep] Executing task "uploadAppTask" of process "365e027f-999a-11f1-9b02-eeee0a83383d"...#
#2026 08 16 17:45:22.038#Z#DEBUG#2fac7300-999a-11f1-891d-eeee0a87b8c8.OPERATION#flowable-async-job-executor-thread-20595#
[UploadAppStep] Application upload timeout is default one: 3,600 seconds#
#2026 08 16 17:45:22.038#Z#DEBUG#2fac7300-999a-11f1-891d-eeee0a87b8c8.OPERATION#flowable-async-job-executor-thread-20595#
[UploadAppStep] Checking upload status of application "incident-management-db-deployer"...#
#2026 08 16 17:45:22.039#Z#DEBUG#2fac7300-999a-11f1-891d-eeee0a87b8c8.OPERATION#flowable-async-job-executor-thread-20595#
[UploadAppStep] Getting package "97aea200-6bd2-4c1c-bfa1-f10fa31dca49"...#
#2026 08 16 17:45:22.086#Z#DEBUG#2fac7300-999a-11f1-891d-eeee0a87b8c8.OPERATION#flowable-async-job-executor-thread-20595#
[UploadAppStep] Application "incident-management-db-deployer" uploaded#
#2026 08 16 17:45:22.088#Z#DEBUG#2fac7300-999a-11f1-891d-eeee0a87b8c8.OPERATION#flowable-async-job-executor-thread-20595#
Step "Upload App" finished#
#2026 08 16 17:45:22.116#Z#DEBUG#2fac7300-999a-11f1-891d-eeee0a87b8c8.OPERATION#flowable-async-job-executor-thread-20595#
[ScaleAppStep] Executing task "scaleAppTask" of process "365e027f-999a-11f1-9b02-eeee0a83383d"...#
#2026 08 16 17:45:22.118#Z#DEBUG#2fac7300-999a-11f1-891d-eeee0a87b8c8.OPERATION#flowable-async-job-executor-thread-20595#
[ScaleAppStep] Scaling application "incident-management-db-deployer"...#
#2026 08 16 17:45:22.118#Z#DEBUG#2fac7300-999a-11f1-891d-eeee0a87b8c8.OPERATION#flowable-async-job-executor-thread-20595#
[ScaleAppStep] Getting application guid "incident-management-db-deployer"...#
#2026 08 16 17:45:22.142#Z#DEBUG#2fac7300-999a-11f1-891d-eeee0a87b8c8.OPERATION#flowable-async-job-executor-thread-20595#
[ScaleAppStep] Getting process for application "0902cf55-a1a0-45c3-8de4-5fd707c3292e"...#
#2026 08 16 17:45:22.183#Z#DEBUG#2fac7300-999a-11f1-891d-eeee0a87b8c8.OPERATION#flowable-async-job-executor-thread-20595#
[ScaleAppStep] Application "incident-management-db-deployer" scaled#
#2026 08 16 17:45:22.183#Z#DEBUG#2fac7300-999a-11f1-891d-eeee0a87b8c8.OPERATION#flowable-async-job-executor-thread-20595#
Step "Scale App" finished#
#2026 08 16 17:45:22.033#Z#DEBUG#2fac7300-999a-11f1-891d-eeee0a87b8c8.OPERATION#flowable-async-job-executor-thread-20594#
[BindServiceToApplicationStep] Executing task "bindServiceToApplicationTask" of process "36fe88cf-999a-11f1-891d-eeee0a87b8c8"...#
#2026 08 16 17:45:22.035#Z#DEBUG#2fac7300-999a-11f1-891d-eeee0a87b8c8.OPERATION#flowable-async-job-executor-thread-20594#
[BindServiceToApplicationStep] Getting async job "7c9301d8-b6fc-4b5f-b479-5d826f16d9e8"#
#2026 08 16 17:45:22.042#Z#DEBUG#2fac7300-999a-11f1-891d-eeee0a87b8c8.OPERATION#flowable-async-job-executor-thread-20597#
[BindServiceToApplicationStep] Executing task "bindServiceToApplicationTask" of process "36c21c0e-999a-11f1-b453-eeee0a9f8472"...#
#2026 08 16 17:45:22.044#Z#DEBUG#2fac7300-999a-11f1-891d-eeee0a87b8c8.OPERATION#flowable-async-job-executor-thread-20597#
[BindServiceToApplicationStep] Getting async job "f8bb6c54-5cb0-4536-9435-13b3d7d06967"#
#2026 08 16 17:45:22.072#Z#DEBUG#2fac7300-999a-11f1-891d-eeee0a87b8c8.OPERATION#flowable-async-job-executor-thread-20594#
[BindServiceToApplicationStep] Getting service instance "incident-management-auth"...#
#2026 08 16 17:45:22.073#Z#DEBUG#2fac7300-999a-11f1-891d-eeee0a87b8c8.OPERATION#flowable-async-job-executor-thread-20597#
[BindServiceToApplicationStep] Getting service instance "incident-management-destination"...#
#2026 08 16 17:45:22.193#Z#DEBUG#2fac7300-999a-11f1-891d-eeee0a87b8c8.OPERATION#flowable-async-job-executor-thread-20594#
[BindServiceToApplicationStep] Async service binding operation with id "7c9301d8-b6fc-4b5f-b479-5d826f16d9e8" finished#
#2026 08 16 17:45:22.194#Z#DEBUG#2fac7300-999a-11f1-891d-eeee0a87b8c8.OPERATION#flowable-async-job-executor-thread-20594#
Step "Bind Service to Application" finished#
#2026 08 16 17:45:22.213#Z#DEBUG#2fac7300-999a-11f1-891d-eeee0a87b8c8.OPERATION#flowable-async-job-executor-thread-20597#
[BindServiceToApplicationStep] Async service binding operation with id "f8bb6c54-5cb0-4536-9435-13b3d7d06967" finished#
#2026 08 16 17:45:22.214#Z#DEBUG#2fac7300-999a-11f1-891d-eeee0a87b8c8.OPERATION#flowable-async-job-executor-thread-20597#
Step "Bind Service to Application" finished#
#2026 08 16 17:45:22.209#Z#DEBUG#2fac7300-999a-11f1-891d-eeee0a87b8c8.OPERATION#flowable-async-job-executor-thread-20595#
[DetermineDesiredStateAchievingActionsStep] Executing task "determineDesiredStateAchievingActionsTask" of process "365e027f-999a-11f1-9b02-eeee0a83383d"...#
#2026 08 16 17:45:22.211#Z#DEBUG#2fac7300-999a-11f1-891d-eeee0a87b8c8.OPERATION#flowable-async-job-executor-thread-20595#
[DetermineDesiredStateAchievingActionsStep] Getting application "incident-management-db-deployer"...#
#2026 08 16 17:45:22.237#Z#DEBUG#2fac7300-999a-11f1-891d-eeee0a87b8c8.OPERATION#flowable-async-job-executor-thread-20595#
[DetermineDesiredStateAchievingActionsStep] Getting instances for application "incident-management-db-deployer"...#
#2026 08 16 17:45:22.237#Z#DEBUG#2fac7300-999a-11f1-891d-eeee0a87b8c8.OPERATION#flowable-async-job-executor-thread-20595#
[DetermineDesiredStateAchievingActionsStep] Getting environment of application "0902cf55-a1a0-45c3-8de4-5fd707c3292e"...#
#2026 08 16 17:45:22.271#Z#DEBUG#2fac7300-999a-11f1-891d-eeee0a87b8c8.OPERATION#flowable-async-job-executor-thread-20595#
[DetermineDesiredStateAchievingActionsStep] Current state of application incident-management-db-deployer: STOPPED#
#2026 08 16 17:45:22.271#Z#DEBUG#2fac7300-999a-11f1-891d-eeee0a87b8c8.OPERATION#flowable-async-job-executor-thread-20595#
[DetermineDesiredStateAchievingActionsStep] Desired state of application incident-management-db-deployer: STOPPED#
#2026 08 16 17:45:22.272#Z#DEBUG#2fac7300-999a-11f1-891d-eeee0a87b8c8.OPERATION#flowable-async-job-executor-thread-20595#
[DetermineDesiredStateAchievingActionsStep] Actions that should be executed on application incident-management-db-deployer: [STAGE]#
#2026 08 16 17:45:22.272#Z#DEBUG#2fac7300-999a-11f1-891d-eeee0a87b8c8.OPERATION#flowable-async-job-executor-thread-20595#
Step "Determine Desired State Achieving Actions" finished#
#2026 08 16 17:45:22.301#Z#DEBUG#2fac7300-999a-11f1-891d-eeee0a87b8c8.OPERATION#flowable-async-job-executor-thread-20595#
[StageAppStep] Executing task "stageAppTask" of process "365e027f-999a-11f1-9b02-eeee0a83383d"...#
#2026 08 16 17:45:22.303#Z#DEBUG#2fac7300-999a-11f1-891d-eeee0a87b8c8.OPERATION#flowable-async-job-executor-thread-20595#
[StageAppStep] Application stage timeout is default one: 3,600 seconds#
#2026 08 16 17:45:22.305#Z#INFO#2fac7300-999a-11f1-891d-eeee0a87b8c8.OPERATION#flowable-async-job-executor-thread-20595#
[StageAppStep] Staging application "incident-management-db-deployer"...#
#2026 08 16 17:45:22.310#Z#DEBUG#2fac7300-999a-11f1-891d-eeee0a87b8c8.OPERATION#flowable-async-job-executor-thread-20595#
[StageAppStep] Creating build for package "97aea200-6bd2-4c1c-bfa1-f10fa31dca49"...#
#2026 08 16 17:45:22.659#Z#DEBUG#2fac7300-999a-11f1-891d-eeee0a87b8c8.OPERATION#flowable-async-job-executor-thread-20595#
Step "Stage App" finished#
#2026 08 16 17:45:22.876#Z#DEBUG#2fac7300-999a-11f1-891d-eeee0a87b8c8.OPERATION#flowable-async-job-executor-thread-20591#
[DetermineVcapServicesPropertiesChangedStep] Executing task "determineVcapServicesPropertiesChangedTask" of process "4182f217-999a-11f1-b453-eeee0a9f8472"...#
#2026 08 16 17:45:22.877#Z#DEBUG#2fac7300-999a-11f1-891d-eeee0a87b8c8.OPERATION#flowable-async-job-executor-thread-20591#
[DetermineVcapServicesPropertiesChangedStep] VCAP_SERVICES properties for application "incident-management-srv" changed: true#
#2026 08 16 17:45:22.877#Z#DEBUG#2fac7300-999a-11f1-891d-eeee0a87b8c8.OPERATION#flowable-async-job-executor-thread-20591#
Step "Determine vcap services properties changed" finished#
#2026 08 16 17:45:22.901#Z#DEBUG#2fac7300-999a-11f1-891d-eeee0a87b8c8.OPERATION#flowable-async-job-executor-thread-20591#
[UploadAppStep] Executing task "uploadAppTask" of process "4182f217-999a-11f1-b453-eeee0a9f8472"...#
#2026 08 16 17:45:22.903#Z#DEBUG#2fac7300-999a-11f1-891d-eeee0a87b8c8.OPERATION#flowable-async-job-executor-thread-20591#
[UploadAppStep] Application upload timeout is default one: 3,600 seconds#
#2026 08 16 17:45:22.903#Z#INFO#2fac7300-999a-11f1-891d-eeee0a87b8c8.OPERATION#flowable-async-job-executor-thread-20591#
[UploadAppStep] Uploading application "incident-management-srv"...#
#2026 08 16 17:45:22.908#Z#DEBUG#2fac7300-999a-11f1-891d-eeee0a87b8c8.OPERATION#flowable-async-job-executor-thread-20591#
[UploadAppStep] Getting application "incident-management-srv"...#
#2026 08 16 17:45:22.940#Z#DEBUG#2fac7300-999a-11f1-891d-eeee0a87b8c8.OPERATION#flowable-async-job-executor-thread-20591#
[UploadAppStep] Getting environment of application "ad51bc3f-a511-452b-a243-a2bc40511ef0"...#
#2026 08 16 17:45:22.973#Z#INFO#2fac7300-999a-11f1-891d-eeee0a87b8c8.OPERATION#flowable-async-job-executor-thread-20591#
[UploadAppStep] Calculating application digest: "incident-management-srv"#
#2026 08 16 17:45:23.030#Z#DEBUG#2fac7300-999a-11f1-891d-eeee0a87b8c8.OPERATION#flowable-async-job-executor-thread-20591#
Step "Upload App" finished#
#2026 08 16 17:45:32.078#Z#DEBUG#2fac7300-999a-11f1-891d-eeee0a87b8c8.OPERATION#flowable-async-job-executor-thread-20601#
[StageAppStep] Executing task "stageAppTask" of process "365e027f-999a-11f1-9b02-eeee0a83383d"...#
#2026 08 16 17:45:32.081#Z#DEBUG#2fac7300-999a-11f1-891d-eeee0a87b8c8.OPERATION#flowable-async-job-executor-thread-20601#
[StageAppStep] Application stage timeout is default one: 3,600 seconds#
#2026 08 16 17:45:32.082#Z#DEBUG#2fac7300-999a-11f1-891d-eeee0a87b8c8.OPERATION#flowable-async-job-executor-thread-20601#
[StageAppStep] Checking status of application "incident-management-db-deployer"...#
#2026 08 16 17:45:32.082#Z#DEBUG#2fac7300-999a-11f1-891d-eeee0a87b8c8.OPERATION#flowable-async-job-executor-thread-20601#
[StageAppStep] Getting build "115dd3d7-94c3-4411-9dca-34845a4a4bd3"...#
#2026 08 16 17:45:32.114#Z#DEBUG#2fac7300-999a-11f1-891d-eeee0a87b8c8.OPERATION#flowable-async-job-executor-thread-20601#
[StageAppStep] Staging status of application "incident-management-db-deployer": PENDING#
#2026 08 16 17:45:32.115#Z#DEBUG#2fac7300-999a-11f1-891d-eeee0a87b8c8.OPERATION#flowable-async-job-executor-thread-20601#
[StageAppStep] Getting application guid "incident-management-db-deployer"...#
#2026 08 16 17:45:32.211#Z#DEBUG#2fac7300-999a-11f1-891d-eeee0a87b8c8.OPERATION#flowable-async-job-executor-thread-20601#
Step "Stage App" finished#
#2026 08 16 17:45:32.095#Z#DEBUG#2fac7300-999a-11f1-891d-eeee0a87b8c8.OPERATION#flowable-async-job-executor-thread-8719#
[UploadAppStep] Executing task "uploadAppTask" of process "4182f217-999a-11f1-b453-eeee0a9f8472"...#
#2026 08 16 17:45:32.100#Z#DEBUG#2fac7300-999a-11f1-891d-eeee0a87b8c8.OPERATION#flowable-async-job-executor-thread-8719#
[UploadAppStep] Application upload timeout is default one: 3,600 seconds#
#2026 08 16 17:45:32.105#Z#DEBUG#2fac7300-999a-11f1-891d-eeee0a87b8c8.OPERATION#pool-21-thread-6#
[UploadAppStep] Upload of application: incident-management-srv started on instance: 1#
#2026 08 16 17:45:32.105#Z#DEBUG#2fac7300-999a-11f1-891d-eeee0a87b8c8.OPERATION#pool-21-thread-6#
[UploadAppStep] Uploading file "incident-management-srv/data.zip" for application "incident-management-srv"#
#2026 08 16 17:45:32.177#Z#INFO#2fac7300-999a-11f1-891d-eeee0a87b8c8.OPERATION#pool-21-thread-6#
[UploadAppStep] Time elapsed for app binary download: 71 in millis#
#2026 08 16 17:45:32.177#Z#INFO#2fac7300-999a-11f1-891d-eeee0a87b8c8.OPERATION#pool-21-thread-6#
[UploadAppStep] Size of app incident-management-srv is 3,849,703 bytes#
#2026 08 16 17:45:32.177#Z#DEBUG#2fac7300-999a-11f1-891d-eeee0a87b8c8.OPERATION#pool-21-thread-6#
[UploadAppStep] Asynchronously uploading binaries for application "incident-management-srv"...#
#2026 08 16 17:45:32.484#Z#INFO#2fac7300-999a-11f1-891d-eeee0a87b8c8.OPERATION#pool-21-thread-6#
[UploadAppStep] Started async upload of application "incident-management-srv"#
#2026 08 16 17:45:32.490#Z#INFO#2fac7300-999a-11f1-891d-eeee0a87b8c8.OPERATION#flowable-async-job-executor-thread-8719#
[UploadAppStep] Time elapsed for upload: 389 in millis#
#2026 08 16 17:45:32.490#Z#DEBUG#2fac7300-999a-11f1-891d-eeee0a87b8c8.OPERATION#flowable-async-job-executor-thread-8719#
[UploadAppStep] Getting application "incident-management-srv"...#
#2026 08 16 17:45:32.506#Z#DEBUG#2fac7300-999a-11f1-891d-eeee0a87b8c8.OPERATION#App upload monitor: 8209da00-523c-450f-96b7-f85f4defe366#
[UploadAppStep] Upload status: PROCESSING_UPLOAD#
#2026 08 16 17:45:32.523#Z#DEBUG#2fac7300-999a-11f1-891d-eeee0a87b8c8.OPERATION#flowable-async-job-executor-thread-8719#
[UploadAppStep] Getting environment of application "ad51bc3f-a511-452b-a243-a2bc40511ef0"...#
#2026 08 16 17:45:32.557#Z#DEBUG#2fac7300-999a-11f1-891d-eeee0a87b8c8.OPERATION#flowable-async-job-executor-thread-8719#
[UploadAppStep] Updating environment of application "incident-management-srv"#
#2026 08 16 17:45:32.650#Z#DEBUG#2fac7300-999a-11f1-891d-eeee0a87b8c8.OPERATION#flowable-async-job-executor-thread-8719#
Step "Upload App" finished#
#2026 08 16 17:45:42.102#Z#DEBUG#2fac7300-999a-11f1-891d-eeee0a87b8c8.OPERATION#flowable-async-job-executor-thread-20607#
[UploadAppStep] Executing task "uploadAppTask" of process "4182f217-999a-11f1-b453-eeee0a9f8472"...#
#2026 08 16 17:45:42.104#Z#DEBUG#2fac7300-999a-11f1-891d-eeee0a87b8c8.OPERATION#flowable-async-job-executor-thread-20607#
[UploadAppStep] Application upload timeout is default one: 3,600 seconds#
#2026 08 16 17:45:42.104#Z#DEBUG#2fac7300-999a-11f1-891d-eeee0a87b8c8.OPERATION#flowable-async-job-executor-thread-20607#
[UploadAppStep] Checking upload status of application "incident-management-srv"...#
#2026 08 16 17:45:42.105#Z#DEBUG#2fac7300-999a-11f1-891d-eeee0a87b8c8.OPERATION#flowable-async-job-executor-thread-20607#
[UploadAppStep] Getting package "8209da00-523c-450f-96b7-f85f4defe366"...#
#2026 08 16 17:45:42.143#Z#DEBUG#2fac7300-999a-11f1-891d-eeee0a87b8c8.OPERATION#flowable-async-job-executor-thread-20607#
[UploadAppStep] Application "incident-management-srv" uploaded#
#2026 08 16 17:45:42.146#Z#DEBUG#2fac7300-999a-11f1-891d-eeee0a87b8c8.OPERATION#flowable-async-job-executor-thread-20607#
Step "Upload App" finished#
#2026 08 16 17:45:42.093#Z#DEBUG#2fac7300-999a-11f1-891d-eeee0a87b8c8.OPERATION#flowable-async-job-executor-thread-20605#
[StageAppStep] Executing task "stageAppTask" of process "365e027f-999a-11f1-9b02-eeee0a83383d"...#
#2026 08 16 17:45:42.097#Z#DEBUG#2fac7300-999a-11f1-891d-eeee0a87b8c8.OPERATION#flowable-async-job-executor-thread-20605#
[StageAppStep] Application stage timeout is default one: 3,600 seconds#
#2026 08 16 17:45:42.099#Z#DEBUG#2fac7300-999a-11f1-891d-eeee0a87b8c8.OPERATION#flowable-async-job-executor-thread-20605#
[StageAppStep] Checking status of application "incident-management-db-deployer"...#
#2026 08 16 17:45:42.099#Z#DEBUG#2fac7300-999a-11f1-891d-eeee0a87b8c8.OPERATION#flowable-async-job-executor-thread-20605#
[StageAppStep] Getting build "115dd3d7-94c3-4411-9dca-34845a4a4bd3"...#
#2026 08 16 17:45:42.132#Z#DEBUG#2fac7300-999a-11f1-891d-eeee0a87b8c8.OPERATION#flowable-async-job-executor-thread-20605#
[StageAppStep] Staging status of application "incident-management-db-deployer": PENDING#
#2026 08 16 17:45:42.133#Z#DEBUG#2fac7300-999a-11f1-891d-eeee0a87b8c8.OPERATION#flowable-async-job-executor-thread-20605#
[StageAppStep] Getting application guid "incident-management-db-deployer"...#
#2026 08 16 17:45:42.205#Z#DEBUG#2fac7300-999a-11f1-891d-eeee0a87b8c8.OPERATION#flowable-async-job-executor-thread-20605#
Step "Stage App" finished#
#2026 08 16 17:45:42.191#Z#DEBUG#2fac7300-999a-11f1-891d-eeee0a87b8c8.OPERATION#flowable-async-job-executor-thread-20607#
[ScaleAppStep] Executing task "scaleAppTask" of process "4182f217-999a-11f1-b453-eeee0a9f8472"...#
#2026 08 16 17:45:42.194#Z#DEBUG#2fac7300-999a-11f1-891d-eeee0a87b8c8.OPERATION#flowable-async-job-executor-thread-20607#
[ScaleAppStep] Scaling application "incident-management-srv"...#
#2026 08 16 17:45:42.194#Z#DEBUG#2fac7300-999a-11f1-891d-eeee0a87b8c8.OPERATION#flowable-async-job-executor-thread-20607#
[ScaleAppStep] Getting application guid "incident-management-srv"...#
#2026 08 16 17:45:42.228#Z#DEBUG#2fac7300-999a-11f1-891d-eeee0a87b8c8.OPERATION#flowable-async-job-executor-thread-20607#
[ScaleAppStep] Getting process for application "ad51bc3f-a511-452b-a243-a2bc40511ef0"...#
#2026 08 16 17:45:42.267#Z#DEBUG#2fac7300-999a-11f1-891d-eeee0a87b8c8.OPERATION#flowable-async-job-executor-thread-20607#
[ScaleAppStep] Application "incident-management-srv" scaled#
#2026 08 16 17:45:42.267#Z#DEBUG#2fac7300-999a-11f1-891d-eeee0a87b8c8.OPERATION#flowable-async-job-executor-thread-20607#
Step "Scale App" finished#
#2026 08 16 17:45:42.293#Z#DEBUG#2fac7300-999a-11f1-891d-eeee0a87b8c8.OPERATION#flowable-async-job-executor-thread-20607#
[DetermineDesiredStateAchievingActionsStep] Executing task "determineDesiredStateAchievingActionsTask" of process "4182f217-999a-11f1-b453-eeee0a9f8472"...#
#2026 08 16 17:45:42.295#Z#DEBUG#2fac7300-999a-11f1-891d-eeee0a87b8c8.OPERATION#flowable-async-job-executor-thread-20607#
[DetermineDesiredStateAchievingActionsStep] Getting application "incident-management-srv"...#
#2026 08 16 17:45:42.324#Z#DEBUG#2fac7300-999a-11f1-891d-eeee0a87b8c8.OPERATION#flowable-async-job-executor-thread-20607#
[DetermineDesiredStateAchievingActionsStep] Getting instances for application "incident-management-srv"...#
#2026 08 16 17:45:42.324#Z#DEBUG#2fac7300-999a-11f1-891d-eeee0a87b8c8.OPERATION#flowable-async-job-executor-thread-20607#
[DetermineDesiredStateAchievingActionsStep] Getting environment of application "ad51bc3f-a511-452b-a243-a2bc40511ef0"...#
#2026 08 16 17:45:42.359#Z#DEBUG#2fac7300-999a-11f1-891d-eeee0a87b8c8.OPERATION#flowable-async-job-executor-thread-20607#
[DetermineDesiredStateAchievingActionsStep] Current state of application incident-management-srv: STOPPED#
#2026 08 16 17:45:42.359#Z#DEBUG#2fac7300-999a-11f1-891d-eeee0a87b8c8.OPERATION#flowable-async-job-executor-thread-20607#
[DetermineDesiredStateAchievingActionsStep] Desired state of application incident-management-srv: STARTED#
#2026 08 16 17:45:42.359#Z#DEBUG#2fac7300-999a-11f1-891d-eeee0a87b8c8.OPERATION#flowable-async-job-executor-thread-20607#
[DetermineDesiredStateAchievingActionsStep] Actions that should be executed on application incident-management-srv: [STAGE, START]#
#2026 08 16 17:45:42.359#Z#DEBUG#2fac7300-999a-11f1-891d-eeee0a87b8c8.OPERATION#flowable-async-job-executor-thread-20607#
Step "Determine Desired State Achieving Actions" finished#
#2026 08 16 17:45:37.536#Z#DEBUG#2fac7300-999a-11f1-891d-eeee0a87b8c8.OPERATION#App upload monitor: 8209da00-523c-450f-96b7-f85f4defe366#
[UploadAppStep] Upload status: PROCESSING_UPLOAD#
#2026 08 16 17:45:42.559#Z#DEBUG#2fac7300-999a-11f1-891d-eeee0a87b8c8.OPERATION#App upload monitor: 8209da00-523c-450f-96b7-f85f4defe366#
[UploadAppStep] Upload status: READY#
#2026 08 16 17:45:42.391#Z#DEBUG#2fac7300-999a-11f1-891d-eeee0a87b8c8.OPERATION#flowable-async-job-executor-thread-20607#
[StageAppStep] Executing task "stageAppTask" of process "4182f217-999a-11f1-b453-eeee0a9f8472"...#
#2026 08 16 17:45:42.393#Z#DEBUG#2fac7300-999a-11f1-891d-eeee0a87b8c8.OPERATION#flowable-async-job-executor-thread-20607#
[StageAppStep] Application stage timeout is default one: 3,600 seconds#
#2026 08 16 17:45:42.395#Z#INFO#2fac7300-999a-11f1-891d-eeee0a87b8c8.OPERATION#flowable-async-job-executor-thread-20607#
[StageAppStep] Staging application "incident-management-srv"...#
#2026 08 16 17:45:42.398#Z#DEBUG#2fac7300-999a-11f1-891d-eeee0a87b8c8.OPERATION#flowable-async-job-executor-thread-20607#
[StageAppStep] Creating build for package "8209da00-523c-450f-96b7-f85f4defe366"...#
#2026 08 16 17:45:42.782#Z#DEBUG#2fac7300-999a-11f1-891d-eeee0a87b8c8.OPERATION#flowable-async-job-executor-thread-20607#
Step "Stage App" finished#
#2026 08 16 17:45:52.130#Z#DEBUG#2fac7300-999a-11f1-891d-eeee0a87b8c8.OPERATION#flowable-async-job-executor-thread-20614#
[StageAppStep] Executing task "stageAppTask" of process "4182f217-999a-11f1-b453-eeee0a9f8472"...#
#2026 08 16 17:45:52.132#Z#DEBUG#2fac7300-999a-11f1-891d-eeee0a87b8c8.OPERATION#flowable-async-job-executor-thread-20614#
[StageAppStep] Application stage timeout is default one: 3,600 seconds#
#2026 08 16 17:45:52.133#Z#DEBUG#2fac7300-999a-11f1-891d-eeee0a87b8c8.OPERATION#flowable-async-job-executor-thread-20614#
[StageAppStep] Checking status of application "incident-management-srv"...#
#2026 08 16 17:45:52.133#Z#DEBUG#2fac7300-999a-11f1-891d-eeee0a87b8c8.OPERATION#flowable-async-job-executor-thread-20614#
[StageAppStep] Getting build "8bc456a6-4f38-49d7-b847-93123c485d78"...#
#2026 08 16 17:45:52.146#Z#DEBUG#2fac7300-999a-11f1-891d-eeee0a87b8c8.OPERATION#flowable-async-job-executor-thread-20611#
[StageAppStep] Executing task "stageAppTask" of process "365e027f-999a-11f1-9b02-eeee0a83383d"...#
#2026 08 16 17:45:52.148#Z#DEBUG#2fac7300-999a-11f1-891d-eeee0a87b8c8.OPERATION#flowable-async-job-executor-thread-20611#
[StageAppStep] Application stage timeout is default one: 3,600 seconds#
#2026 08 16 17:45:52.148#Z#DEBUG#2fac7300-999a-11f1-891d-eeee0a87b8c8.OPERATION#flowable-async-job-executor-thread-20611#
[StageAppStep] Checking status of application "incident-management-db-deployer"...#
#2026 08 16 17:45:52.148#Z#DEBUG#2fac7300-999a-11f1-891d-eeee0a87b8c8.OPERATION#flowable-async-job-executor-thread-20611#
[StageAppStep] Getting build "115dd3d7-94c3-4411-9dca-34845a4a4bd3"...#
#2026 08 16 17:45:52.170#Z#DEBUG#2fac7300-999a-11f1-891d-eeee0a87b8c8.OPERATION#flowable-async-job-executor-thread-20614#
[StageAppStep] Staging status of application "incident-management-srv": PENDING#
#2026 08 16 17:45:52.172#Z#DEBUG#2fac7300-999a-11f1-891d-eeee0a87b8c8.OPERATION#flowable-async-job-executor-thread-20614#
[StageAppStep] Getting application guid "incident-management-srv"...#
#2026 08 16 17:45:52.178#Z#DEBUG#2fac7300-999a-11f1-891d-eeee0a87b8c8.OPERATION#flowable-async-job-executor-thread-20611#
[StageAppStep] Staging status of application "incident-management-db-deployer": STAGED#
#2026 08 16 17:45:52.179#Z#DEBUG#2fac7300-999a-11f1-891d-eeee0a87b8c8.OPERATION#flowable-async-job-executor-thread-20611#
[StageAppStep] Getting application guid "incident-management-db-deployer"...#
#2026 08 16 17:45:52.250#Z#DEBUG#2fac7300-999a-11f1-891d-eeee0a87b8c8.OPERATION#flowable-async-job-executor-thread-20614#
Step "Stage App" finished#
#2026 08 16 17:45:52.261#Z#DEBUG#2fac7300-999a-11f1-891d-eeee0a87b8c8.OPERATION#flowable-async-job-executor-thread-20611#
[StageAppStep] Getting build "115dd3d7-94c3-4411-9dca-34845a4a4bd3"...#
#2026 08 16 17:45:52.297#Z#DEBUG#2fac7300-999a-11f1-891d-eeee0a87b8c8.OPERATION#flowable-async-job-executor-thread-20611#
[StageAppStep] Binding droplet "def9977f-5ea5-44aa-b874-6d530bbfcfff" to application "0902cf55-a1a0-45c3-8de4-5fd707c3292e"...#
#2026 08 16 17:45:52.340#Z#INFO#2fac7300-999a-11f1-891d-eeee0a87b8c8.OPERATION#flowable-async-job-executor-thread-20611#
[StageAppStep] Application "incident-management-db-deployer" staged#
#2026 08 16 17:45:52.346#Z#DEBUG#2fac7300-999a-11f1-891d-eeee0a87b8c8.OPERATION#flowable-async-job-executor-thread-20611#
Step "Stage App" finished#
#2026 08 16 17:45:52.412#Z#DEBUG#2fac7300-999a-11f1-891d-eeee0a87b8c8.OPERATION#flowable-async-job-executor-thread-20611#
[PrepareToExecuteTasksStep] Executing task "prepareToExecuteTasksTask" of process "5320880d-999a-11f1-b453-eeee0a9f8472"...#
#2026 08 16 17:45:52.413#Z#DEBUG#2fac7300-999a-11f1-891d-eeee0a87b8c8.OPERATION#flowable-async-job-executor-thread-20611#
Step "Prepare To Execute Tasks" finished#
#2026 08 16 17:45:52.439#Z#DEBUG#2fac7300-999a-11f1-891d-eeee0a87b8c8.OPERATION#flowable-async-job-executor-thread-20611#
[ExecuteTaskStep] Executing task "executeTaskTask" of process "5320880d-999a-11f1-b453-eeee0a9f8472"...#
#2026 08 16 17:45:52.440#Z#DEBUG#2fac7300-999a-11f1-891d-eeee0a87b8c8.OPERATION#flowable-async-job-executor-thread-20611#
[ExecuteTaskStep] Application task execution timeout is default one: 43,200 seconds#
#2026 08 16 17:45:52.442#Z#INFO#2fac7300-999a-11f1-891d-eeee0a87b8c8.OPERATION#flowable-async-job-executor-thread-20611#
[ExecuteTaskStep] Executing task "deploy" on application "incident-management-db-deployer"...#
#2026 08 16 17:45:52.446#Z#DEBUG#2fac7300-999a-11f1-891d-eeee0a87b8c8.OPERATION#flowable-async-job-executor-thread-20611#
[ExecuteTaskStep] Running task on application "incident-management-db-deployer": {
  "name" : "deploy",
  "command" : "npm start",
  "limits" : {
    "memory" : 256
  }
}#
#2026 08 16 17:45:52.737#Z#DEBUG#2fac7300-999a-11f1-891d-eeee0a87b8c8.OPERATION#flowable-async-job-executor-thread-20611#
Step "Execute Task" finished#
#2026 08 16 17:46:02.170#Z#DEBUG#2fac7300-999a-11f1-891d-eeee0a87b8c8.OPERATION#flowable-async-job-executor-thread-20621#
[StageAppStep] Executing task "stageAppTask" of process "4182f217-999a-11f1-b453-eeee0a9f8472"...#
#2026 08 16 17:46:02.173#Z#DEBUG#2fac7300-999a-11f1-891d-eeee0a87b8c8.OPERATION#flowable-async-job-executor-thread-20621#
[StageAppStep] Application stage timeout is default one: 3,600 seconds#
#2026 08 16 17:46:02.176#Z#DEBUG#2fac7300-999a-11f1-891d-eeee0a87b8c8.OPERATION#flowable-async-job-executor-thread-20621#
[StageAppStep] Checking status of application "incident-management-srv"...#
#2026 08 16 17:46:02.176#Z#DEBUG#2fac7300-999a-11f1-891d-eeee0a87b8c8.OPERATION#flowable-async-job-executor-thread-20621#
[StageAppStep] Getting build "8bc456a6-4f38-49d7-b847-93123c485d78"...#
#2026 08 16 17:46:02.202#Z#DEBUG#2fac7300-999a-11f1-891d-eeee0a87b8c8.OPERATION#flowable-async-job-executor-thread-20621#
[StageAppStep] Staging status of application "incident-management-srv": PENDING#
#2026 08 16 17:46:02.203#Z#DEBUG#2fac7300-999a-11f1-891d-eeee0a87b8c8.OPERATION#flowable-async-job-executor-thread-20621#
[StageAppStep] Getting application guid "incident-management-srv"...#
#2026 08 16 17:46:02.303#Z#DEBUG#2fac7300-999a-11f1-891d-eeee0a87b8c8.OPERATION#flowable-async-job-executor-thread-20621#
Step "Stage App" finished#
#2026 08 16 17:46:02.190#Z#DEBUG#2fac7300-999a-11f1-891d-eeee0a87b8c8.OPERATION#flowable-async-job-executor-thread-8738#
[ExecuteTaskStep] Executing task "executeTaskTask" of process "5320880d-999a-11f1-b453-eeee0a9f8472"...#
#2026 08 16 17:46:02.199#Z#DEBUG#2fac7300-999a-11f1-891d-eeee0a87b8c8.OPERATION#flowable-async-job-executor-thread-8738#
[ExecuteTaskStep] Application task execution timeout is default one: 43,200 seconds#
#2026 08 16 17:46:02.201#Z#DEBUG#2fac7300-999a-11f1-891d-eeee0a87b8c8.OPERATION#flowable-async-job-executor-thread-8738#
[ExecuteTaskStep] Getting task "33e117ee-05e4-41be-a40f-f27fdbb38b46"...#
#2026 08 16 17:46:02.229#Z#DEBUG#2fac7300-999a-11f1-891d-eeee0a87b8c8.OPERATION#flowable-async-job-executor-thread-8738#
[ExecuteTaskStep] Task execution status: running#
#2026 08 16 17:46:02.231#Z#DEBUG#2fac7300-999a-11f1-891d-eeee0a87b8c8.OPERATION#flowable-async-job-executor-thread-8738#
[ExecuteTaskStep] Getting application guid "incident-management-db-deployer"...#
#2026 08 16 17:46:02.337#Z#DEBUG#2fac7300-999a-11f1-891d-eeee0a87b8c8.OPERATION#flowable-async-job-executor-thread-8738#
Step "Execute Task" finished#
#2026 08 16 17:46:12.217#Z#DEBUG#2fac7300-999a-11f1-891d-eeee0a87b8c8.OPERATION#flowable-async-job-executor-thread-20626#
[ExecuteTaskStep] Executing task "executeTaskTask" of process "5320880d-999a-11f1-b453-eeee0a9f8472"...#
#2026 08 16 17:46:12.220#Z#DEBUG#2fac7300-999a-11f1-891d-eeee0a87b8c8.OPERATION#flowable-async-job-executor-thread-20626#
[ExecuteTaskStep] Application task execution timeout is default one: 43,200 seconds#
#2026 08 16 17:46:12.225#Z#DEBUG#2fac7300-999a-11f1-891d-eeee0a87b8c8.OPERATION#flowable-async-job-executor-thread-20626#
[ExecuteTaskStep] Getting task "33e117ee-05e4-41be-a40f-f27fdbb38b46"...#
#2026 08 16 17:46:12.252#Z#DEBUG#2fac7300-999a-11f1-891d-eeee0a87b8c8.OPERATION#flowable-async-job-executor-thread-20626#
[ExecuteTaskStep] Task execution status: failed#
#2026 08 16 17:46:12.253#Z#DEBUG#2fac7300-999a-11f1-891d-eeee0a87b8c8.OPERATION#flowable-async-job-executor-thread-20626#
[ExecuteTaskStep] Getting application guid "incident-management-db-deployer"...#
#2026 08 16 17:46:12.368#Z#ERROR#2fac7300-999a-11f1-891d-eeee0a87b8c8.OPERATION#flowable-async-job-executor-thread-20626#
[ExecuteTaskStep] Execution of task "deploy" on application "incident-management-db-deployer" failed.#
#2026 08 16 17:46:12.373#Z#INFO#2fac7300-999a-11f1-891d-eeee0a87b8c8.OPERATION#flowable-async-job-executor-thread-20626#
[ExecuteTaskStep] Download the MTA operation logs for more details.#
#2026 08 16 17:46:12.378#Z#DEBUG#2fac7300-999a-11f1-891d-eeee0a87b8c8.OPERATION#flowable-async-job-executor-thread-20626#
Step "Execute Task" finished#
#2026 08 16 17:46:12.334#Z#DEBUG#2fac7300-999a-11f1-891d-eeee0a87b8c8.OPERATION#flowable-async-job-executor-thread-20623#
[StageAppStep] Executing task "stageAppTask" of process "4182f217-999a-11f1-b453-eeee0a9f8472"...#
#2026 08 16 17:46:12.336#Z#DEBUG#2fac7300-999a-11f1-891d-eeee0a87b8c8.OPERATION#flowable-async-job-executor-thread-20623#
[StageAppStep] Application stage timeout is default one: 3,600 seconds#
#2026 08 16 17:46:12.336#Z#DEBUG#2fac7300-999a-11f1-891d-eeee0a87b8c8.OPERATION#flowable-async-job-executor-thread-20623#
[StageAppStep] Checking status of application "incident-management-srv"...#
#2026 08 16 17:46:12.336#Z#DEBUG#2fac7300-999a-11f1-891d-eeee0a87b8c8.OPERATION#flowable-async-job-executor-thread-20623#
[StageAppStep] Getting build "8bc456a6-4f38-49d7-b847-93123c485d78"...#
#2026 08 16 17:46:12.369#Z#DEBUG#2fac7300-999a-11f1-891d-eeee0a87b8c8.OPERATION#flowable-async-job-executor-thread-20623#
[StageAppStep] Staging status of application "incident-management-srv": STAGED#
#2026 08 16 17:46:12.371#Z#DEBUG#2fac7300-999a-11f1-891d-eeee0a87b8c8.OPERATION#flowable-async-job-executor-thread-20623#
[StageAppStep] Getting application guid "incident-management-srv"...#
#2026 08 16 17:46:12.438#Z#DEBUG#2fac7300-999a-11f1-891d-eeee0a87b8c8.OPERATION#flowable-async-job-executor-thread-20623#
[StageAppStep] Getting build "8bc456a6-4f38-49d7-b847-93123c485d78"...#
#2026 08 16 17:46:12.464#Z#DEBUG#2fac7300-999a-11f1-891d-eeee0a87b8c8.OPERATION#flowable-async-job-executor-thread-20623#
[StageAppStep] Binding droplet "90f27bda-92a6-4106-885c-ddacdd788e42" to application "ad51bc3f-a511-452b-a243-a2bc40511ef0"...#
#2026 08 16 17:46:12.516#Z#INFO#2fac7300-999a-11f1-891d-eeee0a87b8c8.OPERATION#flowable-async-job-executor-thread-20623#
[StageAppStep] Application "incident-management-srv" staged#
#2026 08 16 17:46:12.522#Z#DEBUG#2fac7300-999a-11f1-891d-eeee0a87b8c8.OPERATION#flowable-async-job-executor-thread-20623#
Step "Stage App" finished#
#2026 08 16 17:46:12.591#Z#DEBUG#2fac7300-999a-11f1-891d-eeee0a87b8c8.OPERATION#flowable-async-job-executor-thread-20626#
[RestartAppStep] Executing task "startAppTask" of process "4182f217-999a-11f1-b453-eeee0a9f8472"...#
#2026 08 16 17:46:12.594#Z#DEBUG#2fac7300-999a-11f1-891d-eeee0a87b8c8.OPERATION#flowable-async-job-executor-thread-20626#
[RestartAppStep] Application start timeout is default one: 3,600 seconds#
#2026 08 16 17:46:12.687#Z#DEBUG#2fac7300-999a-11f1-891d-eeee0a87b8c8.OPERATION#flowable-async-job-executor-thread-20626#
[RestartAppStep] Getting application "incident-management-srv"...#
#2026 08 16 17:46:12.724#Z#INFO#2fac7300-999a-11f1-891d-eeee0a87b8c8.OPERATION#flowable-async-job-executor-thread-20626#
[RestartAppStep] Starting application "incident-management-srv"...#
#2026 08 16 17:46:12.730#Z#DEBUG#2fac7300-999a-11f1-891d-eeee0a87b8c8.OPERATION#flowable-async-job-executor-thread-20626#
[RestartAppStep] Starting application "incident-management-srv"...#
#2026 08 16 17:46:12.956#Z#DEBUG#2fac7300-999a-11f1-891d-eeee0a87b8c8.OPERATION#flowable-async-job-executor-thread-20626#
Step "Start App" finished#
#2026 08 16 17:46:22.321#Z#DEBUG#2fac7300-999a-11f1-891d-eeee0a87b8c8.OPERATION#flowable-async-job-executor-thread-20631#
[RestartAppStep] Executing task "startAppTask" of process "5f63df8e-999a-11f1-b453-eeee0a9f8472"...#
#2026 08 16 17:46:22.324#Z#DEBUG#2fac7300-999a-11f1-891d-eeee0a87b8c8.OPERATION#flowable-async-job-executor-thread-20631#
[RestartAppStep] Application start timeout is default one: 3,600 seconds#
#2026 08 16 17:46:22.325#Z#DEBUG#2fac7300-999a-11f1-891d-eeee0a87b8c8.OPERATION#flowable-async-job-executor-thread-20631#
[RestartAppStep] Checking status of application "incident-management-srv"...#
#2026 08 16 17:46:22.325#Z#DEBUG#2fac7300-999a-11f1-891d-eeee0a87b8c8.OPERATION#flowable-async-job-executor-thread-20631#
[RestartAppStep] Getting application "incident-management-srv"...#
#2026 08 16 17:46:22.357#Z#DEBUG#2fac7300-999a-11f1-891d-eeee0a87b8c8.OPERATION#flowable-async-job-executor-thread-20631#
[RestartAppStep] Getting instances for application "incident-management-srv"...#
#2026 08 16 17:46:22.394#Z#DEBUG#2fac7300-999a-11f1-891d-eeee0a87b8c8.OPERATION#flowable-async-job-executor-thread-20631#
[RestartAppStep] Application "incident-management-srv": 1 of 1 instances running (1 running)#
#2026 08 16 17:46:22.435#Z#DEBUG#2fac7300-999a-11f1-891d-eeee0a87b8c8.OPERATION#flowable-async-job-executor-thread-20631#
[RestartAppStep] Getting routes for application "ad51bc3f-a511-452b-a243-a2bc40511ef0"...#
#2026 08 16 17:46:22.477#Z#INFO#2fac7300-999a-11f1-891d-eeee0a87b8c8.OPERATION#flowable-async-job-executor-thread-20631#
[RestartAppStep] Application "incident-management-srv" started and available at "292a43cftrial-dev-incident-management-srv.cfapps.us10-001.hana.ondemand.com"#
#2026 08 16 17:46:22.485#Z#DEBUG#2fac7300-999a-11f1-891d-eeee0a87b8c8.OPERATION#flowable-async-job-executor-thread-20631#
Step "Start App" finished#
#2026 08 16 17:46:32.422#Z#DEBUG#2fac7300-999a-11f1-891d-eeee0a87b8c8.OPERATION#flowable-async-job-executor-thread-8753#
[RestartAppStep] Executing task "startAppTask" of process "6512a50c-999a-11f1-b453-eeee0a9f8472"...#
#2026 08 16 17:46:32.426#Z#DEBUG#2fac7300-999a-11f1-891d-eeee0a87b8c8.OPERATION#flowable-async-job-executor-thread-8753#
[RestartAppStep] Application start timeout is default one: 3,600 seconds#
#2026 08 16 17:46:32.427#Z#DEBUG#2fac7300-999a-11f1-891d-eeee0a87b8c8.OPERATION#flowable-async-job-executor-thread-8753#
Step "Start App" finished#
#2026 08 16 17:46:32.516#Z#DEBUG#2fac7300-999a-11f1-891d-eeee0a87b8c8.OPERATION#flowable-async-job-executor-thread-8753#
[PrepareToExecuteTasksStep] Executing task "prepareToExecuteTasksTask" of process "6b063c40-999a-11f1-891d-eeee0a87b8c8"...#
#2026 08 16 17:46:32.518#Z#DEBUG#2fac7300-999a-11f1-891d-eeee0a87b8c8.OPERATION#flowable-async-job-executor-thread-8753#
Step "Prepare To Execute Tasks" finished#
#2026 08 16 17:46:32.602#Z#DEBUG#2fac7300-999a-11f1-891d-eeee0a87b8c8.OPERATION#flowable-async-job-executor-thread-8753#
[PublishConfigurationEntriesStep] Executing task "publishProvidedDependenciesTask" of process "6aff373d-999a-11f1-891d-eeee0a87b8c8"...#
#2026 08 16 17:46:32.603#Z#DEBUG#2fac7300-999a-11f1-891d-eeee0a87b8c8.OPERATION#flowable-async-job-executor-thread-8753#
[PublishConfigurationEntriesStep] Publishing public provided dependencies for application "incident-management-srv"...#
#2026 08 16 17:46:32.604#Z#DEBUG#2fac7300-999a-11f1-891d-eeee0a87b8c8.OPERATION#flowable-async-job-executor-thread-8753#
[PublishConfigurationEntriesStep] No public provided dependencies for publishing#
#2026 08 16 17:46:32.604#Z#DEBUG#2fac7300-999a-11f1-891d-eeee0a87b8c8.OPERATION#flowable-async-job-executor-thread-8753#
Step "Publish Provided Dependencies" finished#
#2026 08 16 17:46:32.640#Z#DEBUG#2fac7300-999a-11f1-891d-eeee0a87b8c8.OPERATION#flowable-async-job-executor-thread-8753#
[CreateOrUpdateServiceBrokerStep] Executing task "createOrUpdateServiceBrokerTask" of process "6aff373d-999a-11f1-891d-eeee0a87b8c8"...#
#2026 08 16 17:46:32.642#Z#DEBUG#2fac7300-999a-11f1-891d-eeee0a87b8c8.OPERATION#flowable-async-job-executor-thread-8753#
[CreateOrUpdateServiceBrokerStep] Creating service brokers...#
#2026 08 16 17:46:32.643#Z#DEBUG#2fac7300-999a-11f1-891d-eeee0a87b8c8.OPERATION#flowable-async-job-executor-thread-8753#
Step "Create Or Update Service Broker " finished#
